slave,register_hex,register_dec,page_start_hex,offset,semantic,evidence,access,encoding,evidence_source,notes
0x0F,0x03E8,1000,0x03E8,0,Heating Curve,PROVEN / locally confirmed writable,read/write through native desired-page flow,,local XTR experiments,
0x0F,0x03E9,1001,0x03E8,1,Heating Minimum,PROVEN / locally confirmed writable,read/write through native desired-page flow,,local XTR experiments,
0x0F,0x03EA,1002,0x03E8,2,Heating Maximum,PROVEN / locally confirmed writable,read/write through native desired-page flow,,local XTR experiments,
0x0F,0x03EB,1003,0x03E8,3,Curve Correction +5,PROVEN / locally confirmed writable,read/write through native desired-page flow,,local XTR experiments,
0x0F,0x03EC,1004,0x03E8,4,Curve Correction 0,PROVEN / locally confirmed writable,read/write through native desired-page flow,,local XTR experiments,
0x0F,0x03ED,1005,0x03E8,5,Curve Correction -5,PROVEN / locally confirmed writable,read/write through native desired-page flow,,local XTR experiments,
0x0F,0x03EE,1006,0x03E8,6,Heating Stop,PROVEN / locally confirmed writable,read/write through native desired-page flow,,local XTR experiments,
0x0F,0x03EF,1007,0x03E8,7,Reduced Temperature,PROVEN / locally confirmed writable,read/write through native desired-page flow,,local XTR experiments,
0x0F,0x03F0,1008,0x03E8,8,Room Factor,PROVEN / locally confirmed writable,read/write through native desired-page flow,,local XTR experiments,
0x0F,0x03F4,1012,0x03E8,12,Room Setpoint,PROVEN / locally confirmed writable,read/write through native desired-page flow,,local XTR experiments,
0x0F,0x03F1,1009,0x03E8,9,Unknown,OPEN / UNKNOWN,,,local XTR,03F1 specifically disproven as live DHW START
0x0F,0x03F2,1010,0x03E8,10,Unknown,OPEN / UNKNOWN,,,local XTR,
0x0F,0x03F3,1011,0x03E8,11,Unknown,OPEN / UNKNOWN,,,local XTR,
0x0F,0x03F5,1013,0x03E8,13,Unknown,OPEN / UNKNOWN,,,local XTR,
0x0F,0x041D,1053,0x0410,13,Hot Water Start Temperature,PROVEN / locally correlated,read,°C/raw integer,local XTR EXP376,
0x0F,0x041E,1054,0x0410,14,Warm Water Time,PROVEN / locally correlated,read,minutes/raw integer,local XTR EXP376,
0x0F,0x0424,1060,0x0410,20,Returnline Temperature Max Limit,STRONGLY SUPPORTED,read,raw integer / temperature limit,PROTO-OFFLINE-01 + local 041D/041E anchors,Cross-model contiguous sequence; not one-variable local proof
0x0F,0x042E,1070,0x042E,0,Hot Water Enabled,PROVEN / locally confirmed writable,read/write through native desired-page flow,,local XTR experiments,
0x0F,0x042F,1071,0x042E,1,Hot Water Mode,PROVEN / locally confirmed writable,read/write through native desired-page flow,,local XTR experiments,
0x0F,0x0433,1075,0x042E,5,Startup HT,PROVEN / locally confirmed writable,read/write through native desired-page flow,,local XTR experiments,
0x0F,0x0434,1076,0x042E,6,Heating Time,PROVEN / locally confirmed writable,read/write through native desired-page flow,,local XTR experiments,
0x0F,0x0430,1072,0x042E,2,Hot Water TOP_UP,STRONGLY SUPPORTED / TEST-only,candidate write,0/1,EXP382 canonical evidence,
0x0F,0x0431,1073,0x042E,3,Unknown,OPEN / UNKNOWN,,,local XTR,
0x0F,0x0432,1074,0x042E,4,Unknown,OPEN / UNKNOWN,,,local XTR,
0x0F,0x0442,1090,0x0442,0,Cooling Enabled,PROVEN / locally confirmed writable,read/write through native desired-page flow,boolean,local XTR experiments,
0x0F,0x0443,1091,0x0442,1,Desired Cooling Temperature,PROVEN / locally confirmed writable,read/write through native desired-page flow,°C/raw integer,local XTR experiments,
0x0F,0x0445,1093,0x0442,3,Cooling Active Above,PROVEN / locally confirmed writable,read/write through native desired-page flow,°C/raw integer,local XTR experiments,
0x0F,0x0449,1097,0x0442,7,Cooling Time,PROVEN / locally confirmed writable,read/write through native desired-page flow,raw integer,local XTR experiments,
0x0F,0x044C,1100,0x0442,10,Cooling Room Sensor,PROVEN / locally confirmed writable,read/write through native desired-page flow,boolean/enum,local XTR experiments,
0x0F,0x044D,1101,0x0442,11,Cooling Room Hysteresis Low,PROVEN / locally confirmed writable,read/write through native desired-page flow,raw/10 °C,local XTR experiments,
0x0F,0x044E,1102,0x0442,12,Cooling Room Hysteresis High,PROVEN / locally confirmed writable,read/write through native desired-page flow,raw/10 °C,local XTR experiments,
0x0F,0x0444,1092,0x0442,2,Cooling Hysteresis,STRONGLY SUPPORTED / TEST-only,candidate write,raw/10 K candidate,EXP382 canonical evidence,
0x0F,0x0446,1094,0x0442,4,Cooling Configuration/Type,STRONGLY SUPPORTED / TEST-only,candidate write,0/1/2 candidate,EXP382 canonical evidence,
0x0F,0x0447,1095,0x0442,5,Cooling START threshold,HYPOTHESIS,candidate write,unknown,EXP382 canonical evidence,
0x0F,0x0448,1096,0x0442,6,Cooling STOP threshold,STRONGLY SUPPORTED / TEST-only,candidate write,raw integer candidate,EXP382 canonical evidence,
0x0F,0x044A,1098,0x0442,8,Cooling Max Start Temperature,STRONGLY SUPPORTED / TEST-only,candidate write,°C candidate,EXP382 canonical evidence,
0x0F,0x044B,1099,0x0442,9,Cooling Min Stop Temperature,STRONGLY SUPPORTED / TEST-only,candidate write,°C candidate,EXP382 canonical evidence,
0x0F,0x04A6,1190,0x04A6,0,SG / operational-state field,STRONGLY SUPPORTED / locally correlated,read,context-dependent enum/flags,PROTO-OFFLINE-01 + local XTR SG correlation,Later XTR runtime: Normal=0000 Enhanced=0041 Blocked=0042; historical page regime differs
0x0F,0x04A7,1191,0x04A6,1,SG / operational-state companion field,STRONGLY SUPPORTED / locally correlated,read,context-dependent flag,PROTO-OFFLINE-01 + local XTR SG correlation,Later XTR runtime: Normal=0000 Enhanced/Blocked=0001; historical page regime differs
0x0F,0x04B0,1200,0x04A6,10,Unknown high-frequency dynamic field,OPEN / UNKNOWN,read,,genuine Eco5 raw,Dynamic values 0x4A00/0x4A20; page is unusually frequent
0x0F,0x04D8,1240,0x04D8,0,Concrete Drying header word 0,OPEN / UNKNOWN,read/current page,,local XTR + genuine Eco5 + manual structure,
0x0F,0x04D9,1241,0x04D8,1,Concrete Drying header word 1,OPEN / UNKNOWN,read/current page,,local XTR + genuine Eco5 + manual structure,
0x0F,0x04DA,1242,0x04D8,2,Concrete Drying header word 2,OPEN / UNKNOWN,read/current page,,local XTR + genuine Eco5 + manual structure,
0x0F,0x04DB,1243,0x04D8,3,Concrete Drying header word 3,OPEN / UNKNOWN,read/current page,,local XTR + genuine Eco5 + manual structure,
0x0F,0x04DC,1244,0x04D8,4,Concrete Drying header word 4,OPEN / UNKNOWN,read/current page,,local XTR + genuine Eco5 + manual structure,
0x0F,0x04DD,1245,0x04D8,5,Concrete Drying Hysteresis,STRONGLY SUPPORTED,read/current page,documented range candidate 1..5,local XTR + genuine Eco5 + manual structure,
0x0F,0x04DE,1246,0x04D8,6,Concrete Drying configured point count,STRONGLY SUPPORTED,read/current page,0..10 candidate,local XTR + genuine Eco5 + manual structure,
0x0F,0x04DF,1247,0x04D8,7,Concrete Drying point 1 day/index,STRONGLY SUPPORTED,read/current page,day/index; manual day range 1..40,local XTR + genuine Eco5 + manual structure,
0x0F,0x04E0,1248,0x04D8,8,Concrete Drying point 1 supply temperature,STRONGLY SUPPORTED,read/current page,°C; manual range 15..55,local XTR + genuine Eco5 + manual structure,
0x0F,0x04E1,1249,0x04D8,9,Concrete Drying point 2 day/index,STRONGLY SUPPORTED,read/current page,day/index; manual day range 1..40,local XTR + genuine Eco5 + manual structure,
0x0F,0x04E2,1250,0x04D8,10,Concrete Drying point 2 supply temperature,STRONGLY SUPPORTED,read/current page,°C; manual range 15..55,local XTR + genuine Eco5 + manual structure,
0x0F,0x04E3,1251,0x04D8,11,Concrete Drying point 3 day/index,STRONGLY SUPPORTED,read/current page,day/index; manual day range 1..40,local XTR + genuine Eco5 + manual structure,
0x0F,0x04E4,1252,0x04D8,12,Concrete Drying point 3 supply temperature,STRONGLY SUPPORTED,read/current page,°C; manual range 15..55,local XTR + genuine Eco5 + manual structure,
0x0F,0x04E5,1253,0x04D8,13,Concrete Drying point 4 day/index,STRONGLY SUPPORTED,read/current page,day/index; manual day range 1..40,local XTR + genuine Eco5 + manual structure,
0x0F,0x04E6,1254,0x04D8,14,Concrete Drying point 4 supply temperature,STRONGLY SUPPORTED,read/current page,°C; manual range 15..55,local XTR + genuine Eco5 + manual structure,
0x0F,0x04E7,1255,0x04D8,15,Concrete Drying point 5 day/index,STRONGLY SUPPORTED,read/current page,day/index; manual day range 1..40,local XTR + genuine Eco5 + manual structure,
0x0F,0x04E8,1256,0x04D8,16,Concrete Drying point 5 supply temperature,STRONGLY SUPPORTED,read/current page,°C; manual range 15..55,local XTR + genuine Eco5 + manual structure,
0x0F,0x04E9,1257,0x04D8,17,Concrete Drying point 6 day/index,STRONGLY SUPPORTED,read/current page,day/index; manual day range 1..40,local XTR + genuine Eco5 + manual structure,
0x0F,0x04EA,1258,0x04D8,18,Concrete Drying point 6 supply temperature,STRONGLY SUPPORTED,read/current page,°C; manual range 15..55,local XTR + genuine Eco5 + manual structure,
0x0F,0x04EB,1259,0x04D8,19,Concrete Drying point 7 day/index,STRONGLY SUPPORTED,read/current page,day/index; manual day range 1..40,local XTR + genuine Eco5 + manual structure,
0x0F,0x04EC,1260,0x04D8,20,Concrete Drying point 7 supply temperature,STRONGLY SUPPORTED,read/current page,°C; manual range 15..55,local XTR + genuine Eco5 + manual structure,
0x0F,0x04ED,1261,0x04D8,21,Concrete Drying point 8 day/index,STRONGLY SUPPORTED,read/current page,day/index; manual day range 1..40,local XTR + genuine Eco5 + manual structure,
0x0F,0x04EE,1262,0x04D8,22,Concrete Drying point 8 supply temperature,STRONGLY SUPPORTED,read/current page,°C; manual range 15..55,local XTR + genuine Eco5 + manual structure,
0x0F,0x04EF,1263,0x04D8,23,Concrete Drying point 9 day/index,STRONGLY SUPPORTED,read/current page,day/index; manual day range 1..40,local XTR + genuine Eco5 + manual structure,
0x0F,0x04F0,1264,0x04D8,24,Concrete Drying point 9 supply temperature,STRONGLY SUPPORTED,read/current page,°C; manual range 15..55,local XTR + genuine Eco5 + manual structure,
0x0F,0x04F1,1265,0x04D8,25,Concrete Drying point 10 day/index,STRONGLY SUPPORTED,read/current page,day/index; manual day range 1..40,local XTR + genuine Eco5 + manual structure,
0x0F,0x04F2,1266,0x04D8,26,Concrete Drying point 10 supply temperature,STRONGLY SUPPORTED,read/current page,°C; manual range 15..55,local XTR + genuine Eco5 + manual structure,
0x0F,0x0553,1363,0x0546,13,Operation Mode,PROVEN / locally confirmed writable,read/write through native desired-page flow,"enum; local 1=Auto, 2=Compressor",local XTR EXP380,
0x0F,0x0559,1369,0x0546,19,Link Integration,STRONGLY SUPPORTED / TEST-only,candidate write,0=Light / 1=System candidate,EXP382/public Online evidence,Highest-risk TEST candidate
0x0F,0x055A,1370,,,WW_GEBLOKKEERD slot 0 — schedule mode metadata,STRONGLY SUPPORTED,logical calendar record,,CAL-OFFLINE-01,
0x0F,0x055B,1371,,,WW_GEBLOKKEERD slot 0 — start minute,STRONGLY SUPPORTED,logical calendar record,,CAL-OFFLINE-01,
0x0F,0x055C,1372,,,WW_GEBLOKKEERD slot 0 — start hour,STRONGLY SUPPORTED / locally correlated to 2026-10-02 18:00→19:00,logical calendar record,,CAL-OFFLINE-01,
0x0F,0x055D,1373,,,WW_GEBLOKKEERD slot 0 — start day,STRONGLY SUPPORTED / locally correlated to 2026-10-02 18:00→19:00,logical calendar record,,CAL-OFFLINE-01,
0x0F,0x055E,1374,,,WW_GEBLOKKEERD slot 0 — start month,STRONGLY SUPPORTED / locally correlated to 2026-10-02 18:00→19:00,logical calendar record,,CAL-OFFLINE-01,
0x0F,0x055F,1375,,,WW_GEBLOKKEERD slot 0 — start year,STRONGLY SUPPORTED / locally correlated to 2026-10-02 18:00→19:00,logical calendar record,,CAL-OFFLINE-01,
0x0F,0x0560,1376,,,WW_GEBLOKKEERD slot 0 — stop minute,STRONGLY SUPPORTED,logical calendar record,,CAL-OFFLINE-01,
0x0F,0x0561,1377,,,WW_GEBLOKKEERD slot 0 — stop hour,STRONGLY SUPPORTED / locally correlated to 2026-10-02 18:00→19:00,logical calendar record,,CAL-OFFLINE-01,
0x0F,0x0562,1378,,,WW_GEBLOKKEERD slot 0 — stop day,STRONGLY SUPPORTED / locally correlated to 2026-10-02 18:00→19:00,logical calendar record,,CAL-OFFLINE-01,
0x0F,0x0563,1379,,,WW_GEBLOKKEERD slot 0 — stop month,STRONGLY SUPPORTED / locally correlated to 2026-10-02 18:00→19:00,logical calendar record,,CAL-OFFLINE-01,
0x0F,0x0564,1380,,,WW_GEBLOKKEERD slot 0 — stop year,STRONGLY SUPPORTED / locally correlated to 2026-10-02 18:00→19:00,logical calendar record,,CAL-OFFLINE-01,
0x0F,0x0565,1381,,,WW_GEBLOKKEERD slot 0 — weekday/recurrence mask,STRONGLY SUPPORTED,logical calendar record,,CAL-OFFLINE-01,
0x0F,0x0566,1382,,,WW_GEBLOKKEERD slot 1 — schedule mode metadata,STRONGLY SUPPORTED,logical calendar record,,CAL-OFFLINE-01,
0x0F,0x0567,1383,,,WW_GEBLOKKEERD slot 1 — start minute,STRONGLY SUPPORTED,logical calendar record,,CAL-OFFLINE-01,
0x0F,0x0568,1384,,,WW_GEBLOKKEERD slot 1 — start hour,STRONGLY SUPPORTED,logical calendar record,,CAL-OFFLINE-01,
0x0F,0x0569,1385,,,WW_GEBLOKKEERD slot 1 — start day,STRONGLY SUPPORTED,logical calendar record,,CAL-OFFLINE-01,
0x0F,0x056A,1386,,,WW_GEBLOKKEERD slot 1 — start month,STRONGLY SUPPORTED,logical calendar record,,CAL-OFFLINE-01,
0x0F,0x056B,1387,,,WW_GEBLOKKEERD slot 1 — start year,STRONGLY SUPPORTED,logical calendar record,,CAL-OFFLINE-01,
0x0F,0x056C,1388,,,WW_GEBLOKKEERD slot 1 — stop minute,STRONGLY SUPPORTED,logical calendar record,,CAL-OFFLINE-01,
0x0F,0x056D,1389,,,WW_GEBLOKKEERD slot 1 — stop hour,STRONGLY SUPPORTED,logical calendar record,,CAL-OFFLINE-01,
0x0F,0x056E,1390,,,WW_GEBLOKKEERD slot 1 — stop day,STRONGLY SUPPORTED,logical calendar record,,CAL-OFFLINE-01,
0x0F,0x056F,1391,,,WW_GEBLOKKEERD slot 1 — stop month,STRONGLY SUPPORTED,logical calendar record,,CAL-OFFLINE-01,
0x0F,0x0570,1392,,,WW_GEBLOKKEERD slot 1 — stop year,STRONGLY SUPPORTED,logical calendar record,,CAL-OFFLINE-01,
0x0F,0x0571,1393,,,WW_GEBLOKKEERD slot 1 — weekday/recurrence mask,STRONGLY SUPPORTED,logical calendar record,,CAL-OFFLINE-01,
0x0F,0x0572,1394,,,WW_GEBLOKKEERD slot 2 — schedule mode metadata,STRONGLY SUPPORTED,logical calendar record,,CAL-OFFLINE-01,
0x0F,0x0573,1395,,,WW_GEBLOKKEERD slot 2 — start minute,STRONGLY SUPPORTED,logical calendar record,,CAL-OFFLINE-01,
0x0F,0x0574,1396,,,WW_GEBLOKKEERD slot 2 — start hour,STRONGLY SUPPORTED,logical calendar record,,CAL-OFFLINE-01,
0x0F,0x0575,1397,,,WW_GEBLOKKEERD slot 2 — start day,STRONGLY SUPPORTED,logical calendar record,,CAL-OFFLINE-01,
0x0F,0x0576,1398,,,WW_GEBLOKKEERD slot 2 — start month,STRONGLY SUPPORTED,logical calendar record,,CAL-OFFLINE-01,
0x0F,0x0577,1399,,,WW_GEBLOKKEERD slot 2 — start year,STRONGLY SUPPORTED,logical calendar record,,CAL-OFFLINE-01,
0x0F,0x0578,1400,,,WW_GEBLOKKEERD slot 2 — stop minute,STRONGLY SUPPORTED,logical calendar record,,CAL-OFFLINE-01,
0x0F,0x0579,1401,,,WW_GEBLOKKEERD slot 2 — stop hour,STRONGLY SUPPORTED,logical calendar record,,CAL-OFFLINE-01,
0x0F,0x057A,1402,,,WW_GEBLOKKEERD slot 2 — stop day,STRONGLY SUPPORTED,logical calendar record,,CAL-OFFLINE-01,
0x0F,0x057B,1403,,,WW_GEBLOKKEERD slot 2 — stop month,STRONGLY SUPPORTED,logical calendar record,,CAL-OFFLINE-01,
0x0F,0x057C,1404,,,WW_GEBLOKKEERD slot 2 — stop year,STRONGLY SUPPORTED,logical calendar record,,CAL-OFFLINE-01,
0x0F,0x057D,1405,,,WW_GEBLOKKEERD slot 2 — weekday/recurrence mask,STRONGLY SUPPORTED,logical calendar record,,CAL-OFFLINE-01,
0x0F,0x057E,1406,,,WW_GEBLOKKEERD slot 3 — schedule mode metadata,STRONGLY SUPPORTED,logical calendar record,,CAL-OFFLINE-01,
0x0F,0x057F,1407,,,WW_GEBLOKKEERD slot 3 — start minute,STRONGLY SUPPORTED,logical calendar record,,CAL-OFFLINE-01,
0x0F,0x0580,1408,,,WW_GEBLOKKEERD slot 3 — start hour,STRONGLY SUPPORTED,logical calendar record,,CAL-OFFLINE-01,
0x0F,0x0581,1409,,,WW_GEBLOKKEERD slot 3 — start day,STRONGLY SUPPORTED,logical calendar record,,CAL-OFFLINE-01,
0x0F,0x0582,1410,,,WW_GEBLOKKEERD slot 3 — start month,STRONGLY SUPPORTED,logical calendar record,,CAL-OFFLINE-01,
0x0F,0x0583,1411,,,WW_GEBLOKKEERD slot 3 — start year,STRONGLY SUPPORTED,logical calendar record,,CAL-OFFLINE-01,
0x0F,0x0584,1412,,,WW_GEBLOKKEERD slot 3 — stop minute,STRONGLY SUPPORTED,logical calendar record,,CAL-OFFLINE-01,
0x0F,0x0585,1413,,,WW_GEBLOKKEERD slot 3 — stop hour,STRONGLY SUPPORTED,logical calendar record,,CAL-OFFLINE-01,
0x0F,0x0586,1414,,,WW_GEBLOKKEERD slot 3 — stop day,STRONGLY SUPPORTED,logical calendar record,,CAL-OFFLINE-01,
0x0F,0x0587,1415,,,WW_GEBLOKKEERD slot 3 — stop month,STRONGLY SUPPORTED,logical calendar record,,CAL-OFFLINE-01,
0x0F,0x0588,1416,,,WW_GEBLOKKEERD slot 3 — stop year,STRONGLY SUPPORTED,logical calendar record,,CAL-OFFLINE-01,
0x0F,0x0589,1417,,,WW_GEBLOKKEERD slot 3 — weekday/recurrence mask,STRONGLY SUPPORTED,logical calendar record,,CAL-OFFLINE-01,
0x0F,0x058A,1418,,,WW_GEBLOKKEERD slot 4 — schedule mode metadata,STRONGLY SUPPORTED,logical calendar record,,CAL-OFFLINE-01,
0x0F,0x058B,1419,,,WW_GEBLOKKEERD slot 4 — start minute,STRONGLY SUPPORTED,logical calendar record,,CAL-OFFLINE-01,
0x0F,0x058C,1420,,,WW_GEBLOKKEERD slot 4 — start hour,STRONGLY SUPPORTED,logical calendar record,,CAL-OFFLINE-01,
0x0F,0x058D,1421,,,WW_GEBLOKKEERD slot 4 — start day,STRONGLY SUPPORTED,logical calendar record,,CAL-OFFLINE-01,
0x0F,0x058E,1422,,,WW_GEBLOKKEERD slot 4 — start month,STRONGLY SUPPORTED,logical calendar record,,CAL-OFFLINE-01,
0x0F,0x058F,1423,,,WW_GEBLOKKEERD slot 4 — start year,STRONGLY SUPPORTED,logical calendar record,,CAL-OFFLINE-01,
0x0F,0x0590,1424,,,WW_GEBLOKKEERD slot 4 — stop minute,STRONGLY SUPPORTED,logical calendar record,,CAL-OFFLINE-01,
0x0F,0x0591,1425,,,WW_GEBLOKKEERD slot 4 — stop hour,STRONGLY SUPPORTED,logical calendar record,,CAL-OFFLINE-01,
0x0F,0x0592,1426,,,WW_GEBLOKKEERD slot 4 — stop day,STRONGLY SUPPORTED,logical calendar record,,CAL-OFFLINE-01,
0x0F,0x0593,1427,,,WW_GEBLOKKEERD slot 4 — stop month,STRONGLY SUPPORTED,logical calendar record,,CAL-OFFLINE-01,
0x0F,0x0594,1428,,,WW_GEBLOKKEERD slot 4 — stop year,STRONGLY SUPPORTED,logical calendar record,,CAL-OFFLINE-01,
0x0F,0x0595,1429,,,WW_GEBLOKKEERD slot 4 — weekday/recurrence mask,STRONGLY SUPPORTED,logical calendar record,,CAL-OFFLINE-01,
0x0F,0x0596,1430,,,WW_GEBLOKKEERD slot 5 — schedule mode metadata,STRONGLY SUPPORTED,logical calendar record,,CAL-OFFLINE-01,
0x0F,0x0597,1431,,,WW_GEBLOKKEERD slot 5 — start minute,STRONGLY SUPPORTED,logical calendar record,,CAL-OFFLINE-01,
0x0F,0x0598,1432,,,WW_GEBLOKKEERD slot 5 — start hour,STRONGLY SUPPORTED,logical calendar record,,CAL-OFFLINE-01,
0x0F,0x0599,1433,,,WW_GEBLOKKEERD slot 5 — start day,STRONGLY SUPPORTED,logical calendar record,,CAL-OFFLINE-01,
0x0F,0x059A,1434,,,WW_GEBLOKKEERD slot 5 — start month,STRONGLY SUPPORTED,logical calendar record,,CAL-OFFLINE-01,
0x0F,0x059B,1435,,,WW_GEBLOKKEERD slot 5 — start year,STRONGLY SUPPORTED,logical calendar record,,CAL-OFFLINE-01,
0x0F,0x059C,1436,,,WW_GEBLOKKEERD slot 5 — stop minute,STRONGLY SUPPORTED,logical calendar record,,CAL-OFFLINE-01,
0x0F,0x059D,1437,,,WW_GEBLOKKEERD slot 5 — stop hour,STRONGLY SUPPORTED,logical calendar record,,CAL-OFFLINE-01,
0x0F,0x059E,1438,,,WW_GEBLOKKEERD slot 5 — stop day,STRONGLY SUPPORTED,logical calendar record,,CAL-OFFLINE-01,
0x0F,0x059F,1439,,,WW_GEBLOKKEERD slot 5 — stop month,STRONGLY SUPPORTED,logical calendar record,,CAL-OFFLINE-01,
0x0F,0x05A0,1440,,,WW_GEBLOKKEERD slot 5 — stop year,STRONGLY SUPPORTED,logical calendar record,,CAL-OFFLINE-01,
0x0F,0x05A1,1441,,,WW_GEBLOKKEERD slot 5 — weekday/recurrence mask,STRONGLY SUPPORTED,logical calendar record,,CAL-OFFLINE-01,
0x0F,0x05A2,1442,,,WW_GEBLOKKEERD slot 6 — schedule mode metadata,STRONGLY SUPPORTED,logical calendar record,,CAL-OFFLINE-01,
0x0F,0x05A3,1443,,,WW_GEBLOKKEERD slot 6 — start minute,STRONGLY SUPPORTED,logical calendar record,,CAL-OFFLINE-01,
0x0F,0x05A4,1444,,,WW_GEBLOKKEERD slot 6 — start hour,STRONGLY SUPPORTED,logical calendar record,,CAL-OFFLINE-01,
0x0F,0x05A5,1445,,,WW_GEBLOKKEERD slot 6 — start day,STRONGLY SUPPORTED,logical calendar record,,CAL-OFFLINE-01,
0x0F,0x05A6,1446,,,WW_GEBLOKKEERD slot 6 — start month,STRONGLY SUPPORTED,logical calendar record,,CAL-OFFLINE-01,
0x0F,0x05A7,1447,,,WW_GEBLOKKEERD slot 6 — start year,STRONGLY SUPPORTED,logical calendar record,,CAL-OFFLINE-01,
0x0F,0x05A8,1448,,,WW_GEBLOKKEERD slot 6 — stop minute,STRONGLY SUPPORTED,logical calendar record,,CAL-OFFLINE-01,
0x0F,0x05A9,1449,,,WW_GEBLOKKEERD slot 6 — stop hour,STRONGLY SUPPORTED,logical calendar record,,CAL-OFFLINE-01,
0x0F,0x05AA,1450,,,WW_GEBLOKKEERD slot 6 — stop day,STRONGLY SUPPORTED,logical calendar record,,CAL-OFFLINE-01,
0x0F,0x05AB,1451,,,WW_GEBLOKKEERD slot 6 — stop month,STRONGLY SUPPORTED,logical calendar record,,CAL-OFFLINE-01,
0x0F,0x05AC,1452,,,WW_GEBLOKKEERD slot 6 — stop year,STRONGLY SUPPORTED,logical calendar record,,CAL-OFFLINE-01,
0x0F,0x05AD,1453,,,WW_GEBLOKKEERD slot 6 — weekday/recurrence mask,STRONGLY SUPPORTED,logical calendar record,,CAL-OFFLINE-01,
0x0F,0x05AE,1454,,,WW_GEBLOKKEERD slot 7 — schedule mode metadata,STRONGLY SUPPORTED,logical calendar record,,CAL-OFFLINE-01,
0x0F,0x05AF,1455,,,WW_GEBLOKKEERD slot 7 — start minute,STRONGLY SUPPORTED,logical calendar record,,CAL-OFFLINE-01,
0x0F,0x05B0,1456,,,WW_GEBLOKKEERD slot 7 — start hour,STRONGLY SUPPORTED,logical calendar record,,CAL-OFFLINE-01,
0x0F,0x05B1,1457,,,WW_GEBLOKKEERD slot 7 — start day,STRONGLY SUPPORTED,logical calendar record,,CAL-OFFLINE-01,
0x0F,0x05B2,1458,,,WW_GEBLOKKEERD slot 7 — start month,STRONGLY SUPPORTED,logical calendar record,,CAL-OFFLINE-01,
0x0F,0x05B3,1459,,,WW_GEBLOKKEERD slot 7 — start year,STRONGLY SUPPORTED,logical calendar record,,CAL-OFFLINE-01,
0x0F,0x05B4,1460,,,WW_GEBLOKKEERD slot 7 — stop minute,STRONGLY SUPPORTED,logical calendar record,,CAL-OFFLINE-01,
0x0F,0x05B5,1461,,,WW_GEBLOKKEERD slot 7 — stop hour,STRONGLY SUPPORTED,logical calendar record,,CAL-OFFLINE-01,
0x0F,0x05B6,1462,,,WW_GEBLOKKEERD slot 7 — stop day,STRONGLY SUPPORTED,logical calendar record,,CAL-OFFLINE-01,
0x0F,0x05B7,1463,,,WW_GEBLOKKEERD slot 7 — stop month,STRONGLY SUPPORTED,logical calendar record,,CAL-OFFLINE-01,
0x0F,0x05B8,1464,,,WW_GEBLOKKEERD slot 7 — stop year,STRONGLY SUPPORTED,logical calendar record,,CAL-OFFLINE-01,
0x0F,0x05B9,1465,,,WW_GEBLOKKEERD slot 7 — weekday/recurrence mask,STRONGLY SUPPORTED,logical calendar record,,CAL-OFFLINE-01,
0x0F,0x05BA,1466,,,WW_GEBLOKKEERD slot-validity/occupancy bitmap,STRONGLY SUPPORTED,logical calendar metadata,8-bit bitmap candidate,local XTR + genuine Eco5,
0x0F,0x05BB,1467,,,WW_GEBLOKKEERD metadata word 2,OPEN / UNKNOWN,logical calendar metadata,,local XTR + genuine Eco5,
0x0F,0x05BC,1468,,,EVU / power limiting candidate slot 0 — schedule mode metadata,STRONGLY SUPPORTED,logical calendar record,,CAL-OFFLINE-01,
0x0F,0x05BD,1469,,,EVU / power limiting candidate slot 0 — start minute,STRONGLY SUPPORTED,logical calendar record,,CAL-OFFLINE-01,
0x0F,0x05BE,1470,,,EVU / power limiting candidate slot 0 — start hour,STRONGLY SUPPORTED,logical calendar record,,CAL-OFFLINE-01,
0x0F,0x05BF,1471,,,EVU / power limiting candidate slot 0 — start day,STRONGLY SUPPORTED,logical calendar record,,CAL-OFFLINE-01,
0x0F,0x05C0,1472,,,EVU / power limiting candidate slot 0 — start month,STRONGLY SUPPORTED,logical calendar record,,CAL-OFFLINE-01,
0x0F,0x05C1,1473,,,EVU / power limiting candidate slot 0 — start year,STRONGLY SUPPORTED,logical calendar record,,CAL-OFFLINE-01,
0x0F,0x05C2,1474,,,EVU / power limiting candidate slot 0 — stop minute,STRONGLY SUPPORTED,logical calendar record,,CAL-OFFLINE-01,
0x0F,0x05C3,1475,,,EVU / power limiting candidate slot 0 — stop hour,STRONGLY SUPPORTED,logical calendar record,,CAL-OFFLINE-01,
0x0F,0x05C4,1476,,,EVU / power limiting candidate slot 0 — stop day,STRONGLY SUPPORTED,logical calendar record,,CAL-OFFLINE-01,
0x0F,0x05C5,1477,,,EVU / power limiting candidate slot 0 — stop month,STRONGLY SUPPORTED,logical calendar record,,CAL-OFFLINE-01,
0x0F,0x05C6,1478,,,EVU / power limiting candidate slot 0 — stop year,STRONGLY SUPPORTED,logical calendar record,,CAL-OFFLINE-01,
0x0F,0x05C7,1479,,,EVU / power limiting candidate slot 0 — weekday/recurrence mask,STRONGLY SUPPORTED,logical calendar record,,CAL-OFFLINE-01,
0x0F,0x05C8,1480,,,EVU / power limiting candidate slot 1 — schedule mode metadata,STRONGLY SUPPORTED,logical calendar record,,CAL-OFFLINE-01,
0x0F,0x05C9,1481,,,EVU / power limiting candidate slot 1 — start minute,STRONGLY SUPPORTED,logical calendar record,,CAL-OFFLINE-01,
0x0F,0x05CA,1482,,,EVU / power limiting candidate slot 1 — start hour,STRONGLY SUPPORTED,logical calendar record,,CAL-OFFLINE-01,
0x0F,0x05CB,1483,,,EVU / power limiting candidate slot 1 — start day,STRONGLY SUPPORTED,logical calendar record,,CAL-OFFLINE-01,
0x0F,0x05CC,1484,,,EVU / power limiting candidate slot 1 — start month,STRONGLY SUPPORTED,logical calendar record,,CAL-OFFLINE-01,
0x0F,0x05CD,1485,,,EVU / power limiting candidate slot 1 — start year,STRONGLY SUPPORTED,logical calendar record,,CAL-OFFLINE-01,
0x0F,0x05CE,1486,,,EVU / power limiting candidate slot 1 — stop minute,STRONGLY SUPPORTED,logical calendar record,,CAL-OFFLINE-01,
0x0F,0x05CF,1487,,,EVU / power limiting candidate slot 1 — stop hour,STRONGLY SUPPORTED,logical calendar record,,CAL-OFFLINE-01,
0x0F,0x05D0,1488,,,EVU / power limiting candidate slot 1 — stop day,STRONGLY SUPPORTED,logical calendar record,,CAL-OFFLINE-01,
0x0F,0x05D1,1489,,,EVU / power limiting candidate slot 1 — stop month,STRONGLY SUPPORTED,logical calendar record,,CAL-OFFLINE-01,
0x0F,0x05D2,1490,,,EVU / power limiting candidate slot 1 — stop year,STRONGLY SUPPORTED,logical calendar record,,CAL-OFFLINE-01,
0x0F,0x05D3,1491,,,EVU / power limiting candidate slot 1 — weekday/recurrence mask,STRONGLY SUPPORTED,logical calendar record,,CAL-OFFLINE-01,
0x0F,0x05D4,1492,,,EVU / power limiting candidate slot 2 — schedule mode metadata,STRONGLY SUPPORTED,logical calendar record,,CAL-OFFLINE-01,
0x0F,0x05D5,1493,,,EVU / power limiting candidate slot 2 — start minute,STRONGLY SUPPORTED,logical calendar record,,CAL-OFFLINE-01,
0x0F,0x05D6,1494,,,EVU / power limiting candidate slot 2 — start hour,STRONGLY SUPPORTED,logical calendar record,,CAL-OFFLINE-01,
0x0F,0x05D7,1495,,,EVU / power limiting candidate slot 2 — start day,STRONGLY SUPPORTED,logical calendar record,,CAL-OFFLINE-01,
0x0F,0x05D8,1496,,,EVU / power limiting candidate slot 2 — start month,STRONGLY SUPPORTED,logical calendar record,,CAL-OFFLINE-01,
0x0F,0x05D9,1497,,,EVU / power limiting candidate slot 2 — start year,STRONGLY SUPPORTED,logical calendar record,,CAL-OFFLINE-01,
0x0F,0x05DA,1498,,,EVU / power limiting candidate slot 2 — stop minute,STRONGLY SUPPORTED,logical calendar record,,CAL-OFFLINE-01,
0x0F,0x05DB,1499,,,EVU / power limiting candidate slot 2 — stop hour,STRONGLY SUPPORTED,logical calendar record,,CAL-OFFLINE-01,
0x0F,0x05DC,1500,,,EVU / power limiting candidate slot 2 — stop day,STRONGLY SUPPORTED,logical calendar record,,CAL-OFFLINE-01,
0x0F,0x05DD,1501,,,EVU / power limiting candidate slot 2 — stop month,STRONGLY SUPPORTED,logical calendar record,,CAL-OFFLINE-01,
0x0F,0x05DE,1502,,,EVU / power limiting candidate slot 2 — stop year,STRONGLY SUPPORTED,logical calendar record,,CAL-OFFLINE-01,
0x0F,0x05DF,1503,,,EVU / power limiting candidate slot 2 — weekday/recurrence mask,STRONGLY SUPPORTED,logical calendar record,,CAL-OFFLINE-01,
0x0F,0x05E0,1504,,,EVU / power limiting candidate slot 3 — schedule mode metadata,STRONGLY SUPPORTED,logical calendar record,,CAL-OFFLINE-01,
0x0F,0x05E1,1505,,,EVU / power limiting candidate slot 3 — start minute,STRONGLY SUPPORTED,logical calendar record,,CAL-OFFLINE-01,
0x0F,0x05E2,1506,,,EVU / power limiting candidate slot 3 — start hour,STRONGLY SUPPORTED,logical calendar record,,CAL-OFFLINE-01,
0x0F,0x05E3,1507,,,EVU / power limiting candidate slot 3 — start day,STRONGLY SUPPORTED,logical calendar record,,CAL-OFFLINE-01,
0x0F,0x05E4,1508,,,EVU / power limiting candidate slot 3 — start month,STRONGLY SUPPORTED,logical calendar record,,CAL-OFFLINE-01,
0x0F,0x05E5,1509,,,EVU / power limiting candidate slot 3 — start year,STRONGLY SUPPORTED,logical calendar record,,CAL-OFFLINE-01,
0x0F,0x05E6,1510,,,EVU / power limiting candidate slot 3 — stop minute,STRONGLY SUPPORTED,logical calendar record,,CAL-OFFLINE-01,
0x0F,0x05E7,1511,,,EVU / power limiting candidate slot 3 — stop hour,STRONGLY SUPPORTED,logical calendar record,,CAL-OFFLINE-01,
0x0F,0x05E8,1512,,,EVU / power limiting candidate slot 3 — stop day,STRONGLY SUPPORTED,logical calendar record,,CAL-OFFLINE-01,
0x0F,0x05E9,1513,,,EVU / power limiting candidate slot 3 — stop month,STRONGLY SUPPORTED,logical calendar record,,CAL-OFFLINE-01,
0x0F,0x05EA,1514,,,EVU / power limiting candidate slot 3 — stop year,STRONGLY SUPPORTED,logical calendar record,,CAL-OFFLINE-01,
0x0F,0x05EB,1515,,,EVU / power limiting candidate slot 3 — weekday/recurrence mask,STRONGLY SUPPORTED,logical calendar record,,CAL-OFFLINE-01,
0x0F,0x05EC,1516,,,EVU / power limiting candidate slot 4 — schedule mode metadata,STRONGLY SUPPORTED,logical calendar record,,CAL-OFFLINE-01,
0x0F,0x05ED,1517,,,EVU / power limiting candidate slot 4 — start minute,STRONGLY SUPPORTED,logical calendar record,,CAL-OFFLINE-01,
0x0F,0x05EE,1518,,,EVU / power limiting candidate slot 4 — start hour,STRONGLY SUPPORTED,logical calendar record,,CAL-OFFLINE-01,
0x0F,0x05EF,1519,,,EVU / power limiting candidate slot 4 — start day,STRONGLY SUPPORTED,logical calendar record,,CAL-OFFLINE-01,
0x0F,0x05F0,1520,,,EVU / power limiting candidate slot 4 — start month,STRONGLY SUPPORTED,logical calendar record,,CAL-OFFLINE-01,
0x0F,0x05F1,1521,,,EVU / power limiting candidate slot 4 — start year,STRONGLY SUPPORTED,logical calendar record,,CAL-OFFLINE-01,
0x0F,0x05F2,1522,,,EVU / power limiting candidate slot 4 — stop minute,STRONGLY SUPPORTED,logical calendar record,,CAL-OFFLINE-01,
0x0F,0x05F3,1523,,,EVU / power limiting candidate slot 4 — stop hour,STRONGLY SUPPORTED,logical calendar record,,CAL-OFFLINE-01,
0x0F,0x05F4,1524,,,EVU / power limiting candidate slot 4 — stop day,STRONGLY SUPPORTED,logical calendar record,,CAL-OFFLINE-01,
0x0F,0x05F5,1525,,,EVU / power limiting candidate slot 4 — stop month,STRONGLY SUPPORTED,logical calendar record,,CAL-OFFLINE-01,
0x0F,0x05F6,1526,,,EVU / power limiting candidate slot 4 — stop year,STRONGLY SUPPORTED,logical calendar record,,CAL-OFFLINE-01,
0x0F,0x05F7,1527,,,EVU / power limiting candidate slot 4 — weekday/recurrence mask,STRONGLY SUPPORTED,logical calendar record,,CAL-OFFLINE-01,
0x0F,0x05F8,1528,,,EVU / power limiting candidate slot 5 — schedule mode metadata,STRONGLY SUPPORTED,logical calendar record,,CAL-OFFLINE-01,
0x0F,0x05F9,1529,,,EVU / power limiting candidate slot 5 — start minute,STRONGLY SUPPORTED,logical calendar record,,CAL-OFFLINE-01,
0x0F,0x05FA,1530,,,EVU / power limiting candidate slot 5 — start hour,STRONGLY SUPPORTED,logical calendar record,,CAL-OFFLINE-01,
0x0F,0x05FB,1531,,,EVU / power limiting candidate slot 5 — start day,STRONGLY SUPPORTED,logical calendar record,,CAL-OFFLINE-01,
0x0F,0x05FC,1532,,,EVU / power limiting candidate slot 5 — start month,STRONGLY SUPPORTED,logical calendar record,,CAL-OFFLINE-01,
0x0F,0x05FD,1533,,,EVU / power limiting candidate slot 5 — start year,STRONGLY SUPPORTED,logical calendar record,,CAL-OFFLINE-01,
0x0F,0x05FE,1534,,,EVU / power limiting candidate slot 5 — stop minute,STRONGLY SUPPORTED,logical calendar record,,CAL-OFFLINE-01,
0x0F,0x05FF,1535,,,EVU / power limiting candidate slot 5 — stop hour,STRONGLY SUPPORTED,logical calendar record,,CAL-OFFLINE-01,
0x0F,0x0600,1536,,,EVU / power limiting candidate slot 5 — stop day,STRONGLY SUPPORTED,logical calendar record,,CAL-OFFLINE-01,
0x0F,0x0601,1537,,,EVU / power limiting candidate slot 5 — stop month,STRONGLY SUPPORTED,logical calendar record,,CAL-OFFLINE-01,
0x0F,0x0602,1538,,,EVU / power limiting candidate slot 5 — stop year,STRONGLY SUPPORTED,logical calendar record,,CAL-OFFLINE-01,
0x0F,0x0603,1539,,,EVU / power limiting candidate slot 5 — weekday/recurrence mask,STRONGLY SUPPORTED,logical calendar record,,CAL-OFFLINE-01,
0x0F,0x0604,1540,,,EVU / power limiting candidate slot 6 — schedule mode metadata,STRONGLY SUPPORTED,logical calendar record,,CAL-OFFLINE-01,
0x0F,0x0605,1541,,,EVU / power limiting candidate slot 6 — start minute,STRONGLY SUPPORTED,logical calendar record,,CAL-OFFLINE-01,
0x0F,0x0606,1542,,,EVU / power limiting candidate slot 6 — start hour,STRONGLY SUPPORTED,logical calendar record,,CAL-OFFLINE-01,
0x0F,0x0607,1543,,,EVU / power limiting candidate slot 6 — start day,STRONGLY SUPPORTED,logical calendar record,,CAL-OFFLINE-01,
0x0F,0x0608,1544,,,EVU / power limiting candidate slot 6 — start month,STRONGLY SUPPORTED,logical calendar record,,CAL-OFFLINE-01,
0x0F,0x0609,1545,,,EVU / power limiting candidate slot 6 — start year,STRONGLY SUPPORTED,logical calendar record,,CAL-OFFLINE-01,
0x0F,0x060A,1546,,,EVU / power limiting candidate slot 6 — stop minute,STRONGLY SUPPORTED,logical calendar record,,CAL-OFFLINE-01,
0x0F,0x060B,1547,,,EVU / power limiting candidate slot 6 — stop hour,STRONGLY SUPPORTED,logical calendar record,,CAL-OFFLINE-01,
0x0F,0x060C,1548,,,EVU / power limiting candidate slot 6 — stop day,STRONGLY SUPPORTED,logical calendar record,,CAL-OFFLINE-01,
0x0F,0x060D,1549,,,EVU / power limiting candidate slot 6 — stop month,STRONGLY SUPPORTED,logical calendar record,,CAL-OFFLINE-01,
0x0F,0x060E,1550,,,EVU / power limiting candidate slot 6 — stop year,STRONGLY SUPPORTED,logical calendar record,,CAL-OFFLINE-01,
0x0F,0x060F,1551,,,EVU / power limiting candidate slot 6 — weekday/recurrence mask,STRONGLY SUPPORTED,logical calendar record,,CAL-OFFLINE-01,
0x0F,0x0610,1552,,,EVU / power limiting candidate slot 7 — schedule mode metadata,STRONGLY SUPPORTED,logical calendar record,,CAL-OFFLINE-01,
0x0F,0x0611,1553,,,EVU / power limiting candidate slot 7 — start minute,STRONGLY SUPPORTED,logical calendar record,,CAL-OFFLINE-01,
0x0F,0x0612,1554,,,EVU / power limiting candidate slot 7 — start hour,STRONGLY SUPPORTED,logical calendar record,,CAL-OFFLINE-01,
0x0F,0x0613,1555,,,EVU / power limiting candidate slot 7 — start day,STRONGLY SUPPORTED,logical calendar record,,CAL-OFFLINE-01,
0x0F,0x0614,1556,,,EVU / power limiting candidate slot 7 — start month,STRONGLY SUPPORTED,logical calendar record,,CAL-OFFLINE-01,
0x0F,0x0615,1557,,,EVU / power limiting candidate slot 7 — start year,STRONGLY SUPPORTED,logical calendar record,,CAL-OFFLINE-01,
0x0F,0x0616,1558,,,EVU / power limiting candidate slot 7 — stop minute,STRONGLY SUPPORTED,logical calendar record,,CAL-OFFLINE-01,
0x0F,0x0617,1559,,,EVU / power limiting candidate slot 7 — stop hour,STRONGLY SUPPORTED,logical calendar record,,CAL-OFFLINE-01,
0x0F,0x0618,1560,,,EVU / power limiting candidate slot 7 — stop day,STRONGLY SUPPORTED,logical calendar record,,CAL-OFFLINE-01,
0x0F,0x0619,1561,,,EVU / power limiting candidate slot 7 — stop month,STRONGLY SUPPORTED,logical calendar record,,CAL-OFFLINE-01,
0x0F,0x061A,1562,,,EVU / power limiting candidate slot 7 — stop year,STRONGLY SUPPORTED,logical calendar record,,CAL-OFFLINE-01,
0x0F,0x061B,1563,,,EVU / power limiting candidate slot 7 — weekday/recurrence mask,STRONGLY SUPPORTED,logical calendar record,,CAL-OFFLINE-01,
0x0F,0x061C,1564,,,EVU / power limiting candidate slot-validity/occupancy bitmap,STRONGLY SUPPORTED,logical calendar metadata,8-bit bitmap candidate,local XTR + genuine Eco5,
0x0F,0x061D,1565,,,EVU / power limiting candidate metadata word 2,OPEN / UNKNOWN,logical calendar metadata,,local XTR + genuine Eco5,
0x0F,0x061E,1566,,,Silent Mode candidate slot 0 — schedule mode metadata,STRONGLY SUPPORTED,logical calendar record,,CAL-OFFLINE-01,
0x0F,0x061F,1567,,,Silent Mode candidate slot 0 — start minute,STRONGLY SUPPORTED,logical calendar record,,CAL-OFFLINE-01,
0x0F,0x0620,1568,,,Silent Mode candidate slot 0 — start hour,STRONGLY SUPPORTED,logical calendar record,,CAL-OFFLINE-01,
0x0F,0x0621,1569,,,Silent Mode candidate slot 0 — start day,STRONGLY SUPPORTED,logical calendar record,,CAL-OFFLINE-01,
0x0F,0x0622,1570,,,Silent Mode candidate slot 0 — start month,STRONGLY SUPPORTED,logical calendar record,,CAL-OFFLINE-01,
0x0F,0x0623,1571,,,Silent Mode candidate slot 0 — start year,STRONGLY SUPPORTED,logical calendar record,,CAL-OFFLINE-01,
0x0F,0x0624,1572,,,Silent Mode candidate slot 0 — stop minute,STRONGLY SUPPORTED,logical calendar record,,CAL-OFFLINE-01,
0x0F,0x0625,1573,,,Silent Mode candidate slot 0 — stop hour,STRONGLY SUPPORTED,logical calendar record,,CAL-OFFLINE-01,
0x0F,0x0626,1574,,,Silent Mode candidate slot 0 — stop day,STRONGLY SUPPORTED,logical calendar record,,CAL-OFFLINE-01,
0x0F,0x0627,1575,,,Silent Mode candidate slot 0 — stop month,STRONGLY SUPPORTED,logical calendar record,,CAL-OFFLINE-01,
0x0F,0x0628,1576,,,Silent Mode candidate slot 0 — stop year,STRONGLY SUPPORTED,logical calendar record,,CAL-OFFLINE-01,
0x0F,0x0629,1577,,,Silent Mode candidate slot 0 — weekday/recurrence mask,STRONGLY SUPPORTED,logical calendar record,,CAL-OFFLINE-01,
0x0F,0x062A,1578,,,Silent Mode candidate slot 1 — schedule mode metadata,STRONGLY SUPPORTED,logical calendar record,,CAL-OFFLINE-01,
0x0F,0x062B,1579,,,Silent Mode candidate slot 1 — start minute,STRONGLY SUPPORTED,logical calendar record,,CAL-OFFLINE-01,
0x0F,0x062C,1580,,,Silent Mode candidate slot 1 — start hour,STRONGLY SUPPORTED,logical calendar record,,CAL-OFFLINE-01,
0x0F,0x062D,1581,,,Silent Mode candidate slot 1 — start day,STRONGLY SUPPORTED,logical calendar record,,CAL-OFFLINE-01,
0x0F,0x062E,1582,,,Silent Mode candidate slot 1 — start month,STRONGLY SUPPORTED,logical calendar record,,CAL-OFFLINE-01,
0x0F,0x062F,1583,,,Silent Mode candidate slot 1 — start year,STRONGLY SUPPORTED,logical calendar record,,CAL-OFFLINE-01,
0x0F,0x0630,1584,,,Silent Mode candidate slot 1 — stop minute,STRONGLY SUPPORTED,logical calendar record,,CAL-OFFLINE-01,
0x0F,0x0631,1585,,,Silent Mode candidate slot 1 — stop hour,STRONGLY SUPPORTED,logical calendar record,,CAL-OFFLINE-01,
0x0F,0x0632,1586,,,Silent Mode candidate slot 1 — stop day,STRONGLY SUPPORTED,logical calendar record,,CAL-OFFLINE-01,
0x0F,0x0633,1587,,,Silent Mode candidate slot 1 — stop month,STRONGLY SUPPORTED,logical calendar record,,CAL-OFFLINE-01,
0x0F,0x0634,1588,,,Silent Mode candidate slot 1 — stop year,STRONGLY SUPPORTED,logical calendar record,,CAL-OFFLINE-01,
0x0F,0x0635,1589,,,Silent Mode candidate slot 1 — weekday/recurrence mask,STRONGLY SUPPORTED,logical calendar record,,CAL-OFFLINE-01,
0x0F,0x0636,1590,,,Silent Mode candidate slot 2 — schedule mode metadata,STRONGLY SUPPORTED,logical calendar record,,CAL-OFFLINE-01,
0x0F,0x0637,1591,,,Silent Mode candidate slot 2 — start minute,STRONGLY SUPPORTED,logical calendar record,,CAL-OFFLINE-01,
0x0F,0x0638,1592,,,Silent Mode candidate slot 2 — start hour,STRONGLY SUPPORTED,logical calendar record,,CAL-OFFLINE-01,
0x0F,0x0639,1593,,,Silent Mode candidate slot 2 — start day,STRONGLY SUPPORTED,logical calendar record,,CAL-OFFLINE-01,
0x0F,0x063A,1594,,,Silent Mode candidate slot 2 — start month,STRONGLY SUPPORTED,logical calendar record,,CAL-OFFLINE-01,
0x0F,0x063B,1595,,,Silent Mode candidate slot 2 — start year,STRONGLY SUPPORTED,logical calendar record,,CAL-OFFLINE-01,
0x0F,0x063C,1596,,,Silent Mode candidate slot 2 — stop minute,STRONGLY SUPPORTED,logical calendar record,,CAL-OFFLINE-01,
0x0F,0x063D,1597,,,Silent Mode candidate slot 2 — stop hour,STRONGLY SUPPORTED,logical calendar record,,CAL-OFFLINE-01,
0x0F,0x063E,1598,,,Silent Mode candidate slot 2 — stop day,STRONGLY SUPPORTED,logical calendar record,,CAL-OFFLINE-01,
0x0F,0x063F,1599,,,Silent Mode candidate slot 2 — stop month,STRONGLY SUPPORTED,logical calendar record,,CAL-OFFLINE-01,
0x0F,0x0640,1600,,,Silent Mode candidate slot 2 — stop year,STRONGLY SUPPORTED,logical calendar record,,CAL-OFFLINE-01,
0x0F,0x0641,1601,,,Silent Mode candidate slot 2 — weekday/recurrence mask,STRONGLY SUPPORTED,logical calendar record,,CAL-OFFLINE-01,
0x0F,0x0642,1602,,,Silent Mode candidate slot 3 — schedule mode metadata,STRONGLY SUPPORTED,logical calendar record,,CAL-OFFLINE-01,
0x0F,0x0643,1603,,,Silent Mode candidate slot 3 — start minute,STRONGLY SUPPORTED,logical calendar record,,CAL-OFFLINE-01,
0x0F,0x0644,1604,,,Silent Mode candidate slot 3 — start hour,STRONGLY SUPPORTED,logical calendar record,,CAL-OFFLINE-01,
0x0F,0x0645,1605,,,Silent Mode candidate slot 3 — start day,STRONGLY SUPPORTED,logical calendar record,,CAL-OFFLINE-01,
0x0F,0x0646,1606,,,Silent Mode candidate slot 3 — start month,STRONGLY SUPPORTED,logical calendar record,,CAL-OFFLINE-01,
0x0F,0x0647,1607,,,Silent Mode candidate slot 3 — start year,STRONGLY SUPPORTED,logical calendar record,,CAL-OFFLINE-01,
0x0F,0x0648,1608,,,Silent Mode candidate slot 3 — stop minute,STRONGLY SUPPORTED,logical calendar record,,CAL-OFFLINE-01,
0x0F,0x0649,1609,,,Silent Mode candidate slot 3 — stop hour,STRONGLY SUPPORTED,logical calendar record,,CAL-OFFLINE-01,
0x0F,0x064A,1610,,,Silent Mode candidate slot 3 — stop day,STRONGLY SUPPORTED,logical calendar record,,CAL-OFFLINE-01,
0x0F,0x064B,1611,,,Silent Mode candidate slot 3 — stop month,STRONGLY SUPPORTED,logical calendar record,,CAL-OFFLINE-01,
0x0F,0x064C,1612,,,Silent Mode candidate slot 3 — stop year,STRONGLY SUPPORTED,logical calendar record,,CAL-OFFLINE-01,
0x0F,0x064D,1613,,,Silent Mode candidate slot 3 — weekday/recurrence mask,STRONGLY SUPPORTED,logical calendar record,,CAL-OFFLINE-01,
0x0F,0x064E,1614,,,Silent Mode candidate slot 4 — schedule mode metadata,STRONGLY SUPPORTED,logical calendar record,,CAL-OFFLINE-01,
0x0F,0x064F,1615,,,Silent Mode candidate slot 4 — start minute,STRONGLY SUPPORTED,logical calendar record,,CAL-OFFLINE-01,
0x0F,0x0650,1616,,,Silent Mode candidate slot 4 — start hour,STRONGLY SUPPORTED,logical calendar record,,CAL-OFFLINE-01,
0x0F,0x0651,1617,,,Silent Mode candidate slot 4 — start day,STRONGLY SUPPORTED,logical calendar record,,CAL-OFFLINE-01,
0x0F,0x0652,1618,,,Silent Mode candidate slot 4 — start month,STRONGLY SUPPORTED,logical calendar record,,CAL-OFFLINE-01,
0x0F,0x0653,1619,,,Silent Mode candidate slot 4 — start year,STRONGLY SUPPORTED,logical calendar record,,CAL-OFFLINE-01,
0x0F,0x0654,1620,,,Silent Mode candidate slot 4 — stop minute,STRONGLY SUPPORTED,logical calendar record,,CAL-OFFLINE-01,
0x0F,0x0655,1621,,,Silent Mode candidate slot 4 — stop hour,STRONGLY SUPPORTED,logical calendar record,,CAL-OFFLINE-01,
0x0F,0x0656,1622,,,Silent Mode candidate slot 4 — stop day,STRONGLY SUPPORTED,logical calendar record,,CAL-OFFLINE-01,
0x0F,0x0657,1623,,,Silent Mode candidate slot 4 — stop month,STRONGLY SUPPORTED,logical calendar record,,CAL-OFFLINE-01,
0x0F,0x0658,1624,,,Silent Mode candidate slot 4 — stop year,STRONGLY SUPPORTED,logical calendar record,,CAL-OFFLINE-01,
0x0F,0x0659,1625,,,Silent Mode candidate slot 4 — weekday/recurrence mask,STRONGLY SUPPORTED,logical calendar record,,CAL-OFFLINE-01,
0x0F,0x065A,1626,,,Silent Mode candidate slot 5 — schedule mode metadata,STRONGLY SUPPORTED,logical calendar record,,CAL-OFFLINE-01,
0x0F,0x065B,1627,,,Silent Mode candidate slot 5 — start minute,STRONGLY SUPPORTED,logical calendar record,,CAL-OFFLINE-01,
0x0F,0x065C,1628,,,Silent Mode candidate slot 5 — start hour,STRONGLY SUPPORTED,logical calendar record,,CAL-OFFLINE-01,
0x0F,0x065D,1629,,,Silent Mode candidate slot 5 — start day,STRONGLY SUPPORTED,logical calendar record,,CAL-OFFLINE-01,
0x0F,0x065E,1630,,,Silent Mode candidate slot 5 — start month,STRONGLY SUPPORTED,logical calendar record,,CAL-OFFLINE-01,
0x0F,0x065F,1631,,,Silent Mode candidate slot 5 — start year,STRONGLY SUPPORTED,logical calendar record,,CAL-OFFLINE-01,
0x0F,0x0660,1632,,,Silent Mode candidate slot 5 — stop minute,STRONGLY SUPPORTED,logical calendar record,,CAL-OFFLINE-01,
0x0F,0x0661,1633,,,Silent Mode candidate slot 5 — stop hour,STRONGLY SUPPORTED,logical calendar record,,CAL-OFFLINE-01,
0x0F,0x0662,1634,,,Silent Mode candidate slot 5 — stop day,STRONGLY SUPPORTED,logical calendar record,,CAL-OFFLINE-01,
0x0F,0x0663,1635,,,Silent Mode candidate slot 5 — stop month,STRONGLY SUPPORTED,logical calendar record,,CAL-OFFLINE-01,
0x0F,0x0664,1636,,,Silent Mode candidate slot 5 — stop year,STRONGLY SUPPORTED,logical calendar record,,CAL-OFFLINE-01,
0x0F,0x0665,1637,,,Silent Mode candidate slot 5 — weekday/recurrence mask,STRONGLY SUPPORTED,logical calendar record,,CAL-OFFLINE-01,
0x0F,0x0666,1638,,,Silent Mode candidate slot 6 — schedule mode metadata,STRONGLY SUPPORTED,logical calendar record,,CAL-OFFLINE-01,
0x0F,0x0667,1639,,,Silent Mode candidate slot 6 — start minute,STRONGLY SUPPORTED,logical calendar record,,CAL-OFFLINE-01,
0x0F,0x0668,1640,,,Silent Mode candidate slot 6 — start hour,STRONGLY SUPPORTED,logical calendar record,,CAL-OFFLINE-01,
0x0F,0x0669,1641,,,Silent Mode candidate slot 6 — start day,STRONGLY SUPPORTED,logical calendar record,,CAL-OFFLINE-01,
0x0F,0x066A,1642,,,Silent Mode candidate slot 6 — start month,STRONGLY SUPPORTED,logical calendar record,,CAL-OFFLINE-01,
0x0F,0x066B,1643,,,Silent Mode candidate slot 6 — start year,STRONGLY SUPPORTED,logical calendar record,,CAL-OFFLINE-01,
0x0F,0x066C,1644,,,Silent Mode candidate slot 6 — stop minute,STRONGLY SUPPORTED,logical calendar record,,CAL-OFFLINE-01,
0x0F,0x066D,1645,,,Silent Mode candidate slot 6 — stop hour,STRONGLY SUPPORTED,logical calendar record,,CAL-OFFLINE-01,
0x0F,0x066E,1646,,,Silent Mode candidate slot 6 — stop day,STRONGLY SUPPORTED,logical calendar record,,CAL-OFFLINE-01,
0x0F,0x066F,1647,,,Silent Mode candidate slot 6 — stop month,STRONGLY SUPPORTED,logical calendar record,,CAL-OFFLINE-01,
0x0F,0x0670,1648,,,Silent Mode candidate slot 6 — stop year,STRONGLY SUPPORTED,logical calendar record,,CAL-OFFLINE-01,
0x0F,0x0671,1649,,,Silent Mode candidate slot 6 — weekday/recurrence mask,STRONGLY SUPPORTED,logical calendar record,,CAL-OFFLINE-01,
0x0F,0x0672,1650,,,Silent Mode candidate slot 7 — schedule mode metadata,STRONGLY SUPPORTED,logical calendar record,,CAL-OFFLINE-01,
0x0F,0x0673,1651,,,Silent Mode candidate slot 7 — start minute,STRONGLY SUPPORTED,logical calendar record,,CAL-OFFLINE-01,
0x0F,0x0674,1652,,,Silent Mode candidate slot 7 — start hour,STRONGLY SUPPORTED,logical calendar record,,CAL-OFFLINE-01,
0x0F,0x0675,1653,,,Silent Mode candidate slot 7 — start day,STRONGLY SUPPORTED,logical calendar record,,CAL-OFFLINE-01,
0x0F,0x0676,1654,,,Silent Mode candidate slot 7 — start month,STRONGLY SUPPORTED,logical calendar record,,CAL-OFFLINE-01,
0x0F,0x0677,1655,,,Silent Mode candidate slot 7 — start year,STRONGLY SUPPORTED,logical calendar record,,CAL-OFFLINE-01,
0x0F,0x0678,1656,,,Silent Mode candidate slot 7 — stop minute,STRONGLY SUPPORTED,logical calendar record,,CAL-OFFLINE-01,
0x0F,0x0679,1657,,,Silent Mode candidate slot 7 — stop hour,STRONGLY SUPPORTED,logical calendar record,,CAL-OFFLINE-01,
0x0F,0x067A,1658,,,Silent Mode candidate slot 7 — stop day,STRONGLY SUPPORTED,logical calendar record,,CAL-OFFLINE-01,
0x0F,0x067B,1659,,,Silent Mode candidate slot 7 — stop month,STRONGLY SUPPORTED,logical calendar record,,CAL-OFFLINE-01,
0x0F,0x067C,1660,,,Silent Mode candidate slot 7 — stop year,STRONGLY SUPPORTED,logical calendar record,,CAL-OFFLINE-01,
0x0F,0x067D,1661,,,Silent Mode candidate slot 7 — weekday/recurrence mask,STRONGLY SUPPORTED,logical calendar record,,CAL-OFFLINE-01,
0x0F,0x067E,1662,,,Silent Mode candidate slot-validity/occupancy bitmap,STRONGLY SUPPORTED,logical calendar metadata,8-bit bitmap candidate,local XTR + genuine Eco5,
0x0F,0x067F,1663,,,Silent Mode candidate metadata word 2,OPEN / UNKNOWN,logical calendar metadata,,local XTR + genuine Eco5,
0x0F,0x0680,1664,,,Temperature Reduction candidate slot 0 — schedule mode metadata,STRONGLY SUPPORTED,logical calendar record,,CAL-OFFLINE-01,
0x0F,0x0681,1665,,,Temperature Reduction candidate slot 0 — start minute,STRONGLY SUPPORTED,logical calendar record,,CAL-OFFLINE-01,
0x0F,0x0682,1666,,,Temperature Reduction candidate slot 0 — start hour,STRONGLY SUPPORTED,logical calendar record,,CAL-OFFLINE-01,
0x0F,0x0683,1667,,,Temperature Reduction candidate slot 0 — start day,STRONGLY SUPPORTED,logical calendar record,,CAL-OFFLINE-01,
0x0F,0x0684,1668,,,Temperature Reduction candidate slot 0 — start month,STRONGLY SUPPORTED,logical calendar record,,CAL-OFFLINE-01,
0x0F,0x0685,1669,,,Temperature Reduction candidate slot 0 — start year,STRONGLY SUPPORTED,logical calendar record,,CAL-OFFLINE-01,
0x0F,0x0686,1670,,,Temperature Reduction candidate slot 0 — stop minute,STRONGLY SUPPORTED,logical calendar record,,CAL-OFFLINE-01,
0x0F,0x0687,1671,,,Temperature Reduction candidate slot 0 — stop hour,STRONGLY SUPPORTED,logical calendar record,,CAL-OFFLINE-01,
0x0F,0x0688,1672,,,Temperature Reduction candidate slot 0 — stop day,STRONGLY SUPPORTED,logical calendar record,,CAL-OFFLINE-01,
0x0F,0x0689,1673,,,Temperature Reduction candidate slot 0 — stop month,STRONGLY SUPPORTED,logical calendar record,,CAL-OFFLINE-01,
0x0F,0x068A,1674,,,Temperature Reduction candidate slot 0 — stop year,STRONGLY SUPPORTED,logical calendar record,,CAL-OFFLINE-01,
0x0F,0x068B,1675,,,Temperature Reduction candidate slot 0 — weekday/recurrence mask,STRONGLY SUPPORTED,logical calendar record,,CAL-OFFLINE-01,
0x0F,0x068C,1676,,,Temperature Reduction candidate slot 1 — schedule mode metadata,STRONGLY SUPPORTED,logical calendar record,,CAL-OFFLINE-01,
0x0F,0x068D,1677,,,Temperature Reduction candidate slot 1 — start minute,STRONGLY SUPPORTED,logical calendar record,,CAL-OFFLINE-01,
0x0F,0x068E,1678,,,Temperature Reduction candidate slot 1 — start hour,STRONGLY SUPPORTED,logical calendar record,,CAL-OFFLINE-01,
0x0F,0x068F,1679,,,Temperature Reduction candidate slot 1 — start day,STRONGLY SUPPORTED,logical calendar record,,CAL-OFFLINE-01,
0x0F,0x0690,1680,,,Temperature Reduction candidate slot 1 — start month,STRONGLY SUPPORTED,logical calendar record,,CAL-OFFLINE-01,
0x0F,0x0691,1681,,,Temperature Reduction candidate slot 1 — start year,STRONGLY SUPPORTED,logical calendar record,,CAL-OFFLINE-01,
0x0F,0x0692,1682,,,Temperature Reduction candidate slot 1 — stop minute,STRONGLY SUPPORTED,logical calendar record,,CAL-OFFLINE-01,
0x0F,0x0693,1683,,,Temperature Reduction candidate slot 1 — stop hour,STRONGLY SUPPORTED,logical calendar record,,CAL-OFFLINE-01,
0x0F,0x0694,1684,,,Temperature Reduction candidate slot 1 — stop day,STRONGLY SUPPORTED,logical calendar record,,CAL-OFFLINE-01,
0x0F,0x0695,1685,,,Temperature Reduction candidate slot 1 — stop month,STRONGLY SUPPORTED,logical calendar record,,CAL-OFFLINE-01,
0x0F,0x0696,1686,,,Temperature Reduction candidate slot 1 — stop year,STRONGLY SUPPORTED,logical calendar record,,CAL-OFFLINE-01,
0x0F,0x0697,1687,,,Temperature Reduction candidate slot 1 — weekday/recurrence mask,STRONGLY SUPPORTED,logical calendar record,,CAL-OFFLINE-01,
0x0F,0x0698,1688,,,Temperature Reduction candidate slot 2 — schedule mode metadata,STRONGLY SUPPORTED,logical calendar record,,CAL-OFFLINE-01,
0x0F,0x0699,1689,,,Temperature Reduction candidate slot 2 — start minute,STRONGLY SUPPORTED,logical calendar record,,CAL-OFFLINE-01,
0x0F,0x069A,1690,,,Temperature Reduction candidate slot 2 — start hour,STRONGLY SUPPORTED,logical calendar record,,CAL-OFFLINE-01,
0x0F,0x069B,1691,,,Temperature Reduction candidate slot 2 — start day,STRONGLY SUPPORTED,logical calendar record,,CAL-OFFLINE-01,
0x0F,0x069C,1692,,,Temperature Reduction candidate slot 2 — start month,STRONGLY SUPPORTED,logical calendar record,,CAL-OFFLINE-01,
0x0F,0x069D,1693,,,Temperature Reduction candidate slot 2 — start year,STRONGLY SUPPORTED,logical calendar record,,CAL-OFFLINE-01,
0x0F,0x069E,1694,,,Temperature Reduction candidate slot 2 — stop minute,STRONGLY SUPPORTED,logical calendar record,,CAL-OFFLINE-01,
0x0F,0x069F,1695,,,Temperature Reduction candidate slot 2 — stop hour,STRONGLY SUPPORTED,logical calendar record,,CAL-OFFLINE-01,
0x0F,0x06A0,1696,,,Temperature Reduction candidate slot 2 — stop day,STRONGLY SUPPORTED,logical calendar record,,CAL-OFFLINE-01,
0x0F,0x06A1,1697,,,Temperature Reduction candidate slot 2 — stop month,STRONGLY SUPPORTED,logical calendar record,,CAL-OFFLINE-01,
0x0F,0x06A2,1698,,,Temperature Reduction candidate slot 2 — stop year,STRONGLY SUPPORTED,logical calendar record,,CAL-OFFLINE-01,
0x0F,0x06A3,1699,,,Temperature Reduction candidate slot 2 — weekday/recurrence mask,STRONGLY SUPPORTED,logical calendar record,,CAL-OFFLINE-01,
0x0F,0x06A4,1700,,,Temperature Reduction candidate slot 3 — schedule mode metadata,STRONGLY SUPPORTED,logical calendar record,,CAL-OFFLINE-01,
0x0F,0x06A5,1701,,,Temperature Reduction candidate slot 3 — start minute,STRONGLY SUPPORTED,logical calendar record,,CAL-OFFLINE-01,
0x0F,0x06A6,1702,,,Temperature Reduction candidate slot 3 — start hour,STRONGLY SUPPORTED,logical calendar record,,CAL-OFFLINE-01,
0x0F,0x06A7,1703,,,Temperature Reduction candidate slot 3 — start day,STRONGLY SUPPORTED,logical calendar record,,CAL-OFFLINE-01,
0x0F,0x06A8,1704,,,Temperature Reduction candidate slot 3 — start month,STRONGLY SUPPORTED,logical calendar record,,CAL-OFFLINE-01,
0x0F,0x06A9,1705,,,Temperature Reduction candidate slot 3 — start year,STRONGLY SUPPORTED,logical calendar record,,CAL-OFFLINE-01,
0x0F,0x06AA,1706,,,Temperature Reduction candidate slot 3 — stop minute,STRONGLY SUPPORTED,logical calendar record,,CAL-OFFLINE-01,
0x0F,0x06AB,1707,,,Temperature Reduction candidate slot 3 — stop hour,STRONGLY SUPPORTED,logical calendar record,,CAL-OFFLINE-01,
0x0F,0x06AC,1708,,,Temperature Reduction candidate slot 3 — stop day,STRONGLY SUPPORTED,logical calendar record,,CAL-OFFLINE-01,
0x0F,0x06AD,1709,,,Temperature Reduction candidate slot 3 — stop month,STRONGLY SUPPORTED,logical calendar record,,CAL-OFFLINE-01,
0x0F,0x06AE,1710,,,Temperature Reduction candidate slot 3 — stop year,STRONGLY SUPPORTED,logical calendar record,,CAL-OFFLINE-01,
0x0F,0x06AF,1711,,,Temperature Reduction candidate slot 3 — weekday/recurrence mask,STRONGLY SUPPORTED,logical calendar record,,CAL-OFFLINE-01,
0x0F,0x06B0,1712,,,Temperature Reduction candidate slot 4 — schedule mode metadata,STRONGLY SUPPORTED,logical calendar record,,CAL-OFFLINE-01,
0x0F,0x06B1,1713,,,Temperature Reduction candidate slot 4 — start minute,STRONGLY SUPPORTED,logical calendar record,,CAL-OFFLINE-01,
0x0F,0x06B2,1714,,,Temperature Reduction candidate slot 4 — start hour,STRONGLY SUPPORTED,logical calendar record,,CAL-OFFLINE-01,
0x0F,0x06B3,1715,,,Temperature Reduction candidate slot 4 — start day,STRONGLY SUPPORTED,logical calendar record,,CAL-OFFLINE-01,
0x0F,0x06B4,1716,,,Temperature Reduction candidate slot 4 — start month,STRONGLY SUPPORTED,logical calendar record,,CAL-OFFLINE-01,
0x0F,0x06B5,1717,,,Temperature Reduction candidate slot 4 — start year,STRONGLY SUPPORTED,logical calendar record,,CAL-OFFLINE-01,
0x0F,0x06B6,1718,,,Temperature Reduction candidate slot 4 — stop minute,STRONGLY SUPPORTED,logical calendar record,,CAL-OFFLINE-01,
0x0F,0x06B7,1719,,,Temperature Reduction candidate slot 4 — stop hour,STRONGLY SUPPORTED,logical calendar record,,CAL-OFFLINE-01,
0x0F,0x06B8,1720,,,Temperature Reduction candidate slot 4 — stop day,STRONGLY SUPPORTED,logical calendar record,,CAL-OFFLINE-01,
0x0F,0x06B9,1721,,,Temperature Reduction candidate slot 4 — stop month,STRONGLY SUPPORTED,logical calendar record,,CAL-OFFLINE-01,
0x0F,0x06BA,1722,,,Temperature Reduction candidate slot 4 — stop year,STRONGLY SUPPORTED,logical calendar record,,CAL-OFFLINE-01,
0x0F,0x06BB,1723,,,Temperature Reduction candidate slot 4 — weekday/recurrence mask,STRONGLY SUPPORTED,logical calendar record,,CAL-OFFLINE-01,
0x0F,0x06BC,1724,,,Temperature Reduction candidate slot 5 — schedule mode metadata,STRONGLY SUPPORTED,logical calendar record,,CAL-OFFLINE-01,
0x0F,0x06BD,1725,,,Temperature Reduction candidate slot 5 — start minute,STRONGLY SUPPORTED,logical calendar record,,CAL-OFFLINE-01,
0x0F,0x06BE,1726,,,Temperature Reduction candidate slot 5 — start hour,STRONGLY SUPPORTED,logical calendar record,,CAL-OFFLINE-01,
0x0F,0x06BF,1727,,,Temperature Reduction candidate slot 5 — start day,STRONGLY SUPPORTED,logical calendar record,,CAL-OFFLINE-01,
0x0F,0x06C0,1728,,,Temperature Reduction candidate slot 5 — start month,STRONGLY SUPPORTED,logical calendar record,,CAL-OFFLINE-01,
0x0F,0x06C1,1729,,,Temperature Reduction candidate slot 5 — start year,STRONGLY SUPPORTED,logical calendar record,,CAL-OFFLINE-01,
0x0F,0x06C2,1730,,,Temperature Reduction candidate slot 5 — stop minute,STRONGLY SUPPORTED,logical calendar record,,CAL-OFFLINE-01,
0x0F,0x06C3,1731,,,Temperature Reduction candidate slot 5 — stop hour,STRONGLY SUPPORTED,logical calendar record,,CAL-OFFLINE-01,
0x0F,0x06C4,1732,,,Temperature Reduction candidate slot 5 — stop day,STRONGLY SUPPORTED,logical calendar record,,CAL-OFFLINE-01,
0x0F,0x06C5,1733,,,Temperature Reduction candidate slot 5 — stop month,STRONGLY SUPPORTED,logical calendar record,,CAL-OFFLINE-01,
0x0F,0x06C6,1734,,,Temperature Reduction candidate slot 5 — stop year,STRONGLY SUPPORTED,logical calendar record,,CAL-OFFLINE-01,
0x0F,0x06C7,1735,,,Temperature Reduction candidate slot 5 — weekday/recurrence mask,STRONGLY SUPPORTED,logical calendar record,,CAL-OFFLINE-01,
0x0F,0x06C8,1736,,,Temperature Reduction candidate slot 6 — schedule mode metadata,STRONGLY SUPPORTED,logical calendar record,,CAL-OFFLINE-01,
0x0F,0x06C9,1737,,,Temperature Reduction candidate slot 6 — start minute,STRONGLY SUPPORTED,logical calendar record,,CAL-OFFLINE-01,
0x0F,0x06CA,1738,,,Temperature Reduction candidate slot 6 — start hour,STRONGLY SUPPORTED,logical calendar record,,CAL-OFFLINE-01,
0x0F,0x06CB,1739,,,Temperature Reduction candidate slot 6 — start day,STRONGLY SUPPORTED,logical calendar record,,CAL-OFFLINE-01,
0x0F,0x06CC,1740,,,Temperature Reduction candidate slot 6 — start month,STRONGLY SUPPORTED,logical calendar record,,CAL-OFFLINE-01,
0x0F,0x06CD,1741,,,Temperature Reduction candidate slot 6 — start year,STRONGLY SUPPORTED,logical calendar record,,CAL-OFFLINE-01,
0x0F,0x06CE,1742,,,Temperature Reduction candidate slot 6 — stop minute,STRONGLY SUPPORTED,logical calendar record,,CAL-OFFLINE-01,
0x0F,0x06CF,1743,,,Temperature Reduction candidate slot 6 — stop hour,STRONGLY SUPPORTED,logical calendar record,,CAL-OFFLINE-01,
0x0F,0x06D0,1744,,,Temperature Reduction candidate slot 6 — stop day,STRONGLY SUPPORTED,logical calendar record,,CAL-OFFLINE-01,
0x0F,0x06D1,1745,,,Temperature Reduction candidate slot 6 — stop month,STRONGLY SUPPORTED,logical calendar record,,CAL-OFFLINE-01,
0x0F,0x06D2,1746,,,Temperature Reduction candidate slot 6 — stop year,STRONGLY SUPPORTED,logical calendar record,,CAL-OFFLINE-01,
0x0F,0x06D3,1747,,,Temperature Reduction candidate slot 6 — weekday/recurrence mask,STRONGLY SUPPORTED,logical calendar record,,CAL-OFFLINE-01,
0x0F,0x06D4,1748,,,Temperature Reduction candidate slot 7 — schedule mode metadata,STRONGLY SUPPORTED,logical calendar record,,CAL-OFFLINE-01,
0x0F,0x06D5,1749,,,Temperature Reduction candidate slot 7 — start minute,STRONGLY SUPPORTED,logical calendar record,,CAL-OFFLINE-01,
0x0F,0x06D6,1750,,,Temperature Reduction candidate slot 7 — start hour,STRONGLY SUPPORTED,logical calendar record,,CAL-OFFLINE-01,
0x0F,0x06D7,1751,,,Temperature Reduction candidate slot 7 — start day,STRONGLY SUPPORTED,logical calendar record,,CAL-OFFLINE-01,
0x0F,0x06D8,1752,,,Temperature Reduction candidate slot 7 — start month,STRONGLY SUPPORTED,logical calendar record,,CAL-OFFLINE-01,
0x0F,0x06D9,1753,,,Temperature Reduction candidate slot 7 — start year,STRONGLY SUPPORTED,logical calendar record,,CAL-OFFLINE-01,
0x0F,0x06DA,1754,,,Temperature Reduction candidate slot 7 — stop minute,STRONGLY SUPPORTED,logical calendar record,,CAL-OFFLINE-01,
0x0F,0x06DB,1755,,,Temperature Reduction candidate slot 7 — stop hour,STRONGLY SUPPORTED,logical calendar record,,CAL-OFFLINE-01,
0x0F,0x06DC,1756,,,Temperature Reduction candidate slot 7 — stop day,STRONGLY SUPPORTED,logical calendar record,,CAL-OFFLINE-01,
0x0F,0x06DD,1757,,,Temperature Reduction candidate slot 7 — stop month,STRONGLY SUPPORTED,logical calendar record,,CAL-OFFLINE-01,
0x0F,0x06DE,1758,,,Temperature Reduction candidate slot 7 — stop year,STRONGLY SUPPORTED,logical calendar record,,CAL-OFFLINE-01,
0x0F,0x06DF,1759,,,Temperature Reduction candidate slot 7 — weekday/recurrence mask,STRONGLY SUPPORTED,logical calendar record,,CAL-OFFLINE-01,
0x0F,0x06E0,1760,,,Temperature Reduction candidate slot-validity/occupancy bitmap,STRONGLY SUPPORTED,logical calendar metadata,8-bit bitmap candidate,local XTR + genuine Eco5,
0x0F,0x06E1,1761,,,Temperature Reduction candidate metadata word 2,OPEN / UNKNOWN,logical calendar metadata,,local XTR + genuine Eco5,
0x0F,0x06E2,1762,0x06C5,29,Low byte component reconstructing 0870 word0,STRONGLY SUPPORTED relation / semantics OPEN,read,low byte,local XTR + 2 genuine Eco5 datasets,
0x0F,0x06E3,1763,0x06C5,30,High byte component reconstructing 0870 word0,STRONGLY SUPPORTED relation / semantics OPEN,read,high byte,local XTR + 2 genuine Eco5 datasets,
0x0F,0x06EA,1770,0x06EA,0,Controller clock/date second,STRONGLY SUPPORTED,read,raw integer,local XTR + genuine Eco5,
0x0F,0x06EB,1771,0x06EA,1,Controller clock/date minute,STRONGLY SUPPORTED,read,raw integer,local XTR + genuine Eco5,
0x0F,0x06EC,1772,0x06EA,2,Controller clock/date hour,STRONGLY SUPPORTED,read,raw integer,local XTR + genuine Eco5,
0x0F,0x06ED,1773,0x06EA,3,Controller clock/date day,STRONGLY SUPPORTED,read,raw integer,local XTR + genuine Eco5,
0x0F,0x06EE,1774,0x06EA,4,Controller clock/date month,STRONGLY SUPPORTED,read,raw integer,local XTR + genuine Eco5,
0x0F,0x06EF,1775,0x06EA,5,Controller clock/date year,STRONGLY SUPPORTED,read,raw integer,local XTR + genuine Eco5,
0x0F,0x06F0,1776,0x06EA,6,Controller clock/date weekday,STRONGLY SUPPORTED,read,raw integer,local XTR + genuine Eco5,
0x0F,0x06F6,1782,0x06F4,2,Exact mirror of A80E,PROVEN structural relation,read,uint16,PROTO-OFFLINE-04/01,Source-field human semantic remains separately scoped
0x0F,0x06F7,1783,0x06F4,3,Exact mirror of A80F,PROVEN structural relation,read,uint16,PROTO-OFFLINE-04/01,Source-field human semantic remains separately scoped
0x0F,0x0701,1793,0x06F4,13,Exact mirror of AFDC,PROVEN structural relation,read,uint16,PROTO-OFFLINE-04/01,Source-field human semantic remains separately scoped
0x0F,0x0708,1800,0x0708,,"Selector bitmap: page 0x03E8 current=W3 bit0, desired=W1 bit0",STRONGLY SUPPORTED; selected pages locally proven,read/write mailbox response,bitmask,genuine Online/Eco5 + local XTR,
0x0F,0x0708,1800,0x0708,,"Selector bitmap: page 0x03FC current=W3 bit1, desired=W1 bit1",STRONGLY SUPPORTED; selected pages locally proven,read/write mailbox response,bitmask,genuine Online/Eco5 + local XTR,
0x0F,0x0708,1800,0x0708,,"Selector bitmap: page 0x0410 current=W3 bit2, desired=W1 bit2",STRONGLY SUPPORTED; selected pages locally proven,read/write mailbox response,bitmask,genuine Online/Eco5 + local XTR,
0x0F,0x0708,1800,0x0708,,"Selector bitmap: page 0x042E current=W3 bit3, desired=W1 bit3",STRONGLY SUPPORTED; selected pages locally proven,read/write mailbox response,bitmask,genuine Online/Eco5 + local XTR,
0x0F,0x0708,1800,0x0708,,"Selector bitmap: page 0x0442 current=W3 bit4, desired=W1 bit4",STRONGLY SUPPORTED; selected pages locally proven,read/write mailbox response,bitmask,genuine Online/Eco5 + local XTR,
0x0F,0x0708,1800,0x0708,,"Selector bitmap: page 0x0456 current=W3 bit5, desired=W1 bit5",STRONGLY SUPPORTED; selected pages locally proven,read/write mailbox response,bitmask,genuine Online/Eco5 + local XTR,
0x0F,0x0708,1800,0x0708,,"Selector bitmap: page 0x046A current=W3 bit6, desired=W1 bit6",STRONGLY SUPPORTED; selected pages locally proven,read/write mailbox response,bitmask,genuine Online/Eco5 + local XTR,
0x0F,0x0708,1800,0x0708,,"Selector bitmap: page 0x047E current=W3 bit7, desired=W1 bit7",STRONGLY SUPPORTED; selected pages locally proven,read/write mailbox response,bitmask,genuine Online/Eco5 + local XTR,
0x0F,0x0708,1800,0x0708,,"Selector bitmap: page 0x0492 current=W3 bit8, desired=W1 bit8",STRONGLY SUPPORTED; selected pages locally proven,read/write mailbox response,bitmask,genuine Online/Eco5 + local XTR,
0x0F,0x0708,1800,0x0708,,"Selector bitmap: page 0x04A6 current=W3 bit9, desired=W1 bit9",STRONGLY SUPPORTED; selected pages locally proven,read/write mailbox response,bitmask,genuine Online/Eco5 + local XTR,
0x0F,0x0708,1800,0x0708,,"Selector bitmap: page 0x04BA current=W3 bit10, desired=W1 bit10",STRONGLY SUPPORTED; selected pages locally proven,read/write mailbox response,bitmask,genuine Online/Eco5 + local XTR,
0x0F,0x0708,1800,0x0708,,"Selector bitmap: page 0x04D8 current=W3 bit11, desired=W1 bit11",STRONGLY SUPPORTED; selected pages locally proven,read/write mailbox response,bitmask,genuine Online/Eco5 + local XTR,
0x0F,0x0708,1800,0x0708,,"Selector bitmap: page 0x04F6 current=W3 bit12, desired=W1 bit12",STRONGLY SUPPORTED; selected pages locally proven,read/write mailbox response,bitmask,genuine Online/Eco5 + local XTR,
0x0F,0x0708,1800,0x0708,,"Selector bitmap: page 0x050A current=W3 bit13, desired=W1 bit13",STRONGLY SUPPORTED; selected pages locally proven,read/write mailbox response,bitmask,genuine Online/Eco5 + local XTR,
0x0F,0x0708,1800,0x0708,,"Selector bitmap: page 0x051E current=W3 bit14, desired=W1 bit14",STRONGLY SUPPORTED; selected pages locally proven,read/write mailbox response,bitmask,genuine Online/Eco5 + local XTR,
0x0F,0x0708,1800,0x0708,,"Selector bitmap: page 0x0532 current=W3 bit15, desired=W1 bit15",STRONGLY SUPPORTED; selected pages locally proven,read/write mailbox response,bitmask,genuine Online/Eco5 + local XTR,
0x0F,0x0708,1800,0x0708,,"Selector bitmap: page 0x0546 current=W2 bit0, desired=W0 bit0",STRONGLY SUPPORTED; selected pages locally proven,read/write mailbox response,bitmask,genuine Online/Eco5 + local XTR,
0x0F,0x0708,1800,0x0708,,"Selector bitmap: page 0x055A current=W2 bit1, desired=W0 bit1",STRONGLY SUPPORTED; selected pages locally proven,read/write mailbox response,bitmask,genuine Online/Eco5 + local XTR,
0x0F,0x0708,1800,0x0708,,"Selector bitmap: page 0x057B current=W2 bit2, desired=W0 bit2",STRONGLY SUPPORTED; selected pages locally proven,read/write mailbox response,bitmask,genuine Online/Eco5 + local XTR,
0x0F,0x0708,1800,0x0708,,"Selector bitmap: page 0x059C current=W2 bit3, desired=W0 bit3",STRONGLY SUPPORTED; selected pages locally proven,read/write mailbox response,bitmask,genuine Online/Eco5 + local XTR,
0x0F,0x0708,1800,0x0708,,"Selector bitmap: page 0x05BD current=W2 bit4, desired=W0 bit4",STRONGLY SUPPORTED; selected pages locally proven,read/write mailbox response,bitmask,genuine Online/Eco5 + local XTR,
0x0F,0x0708,1800,0x0708,,"Selector bitmap: page 0x05DE current=W2 bit5, desired=W0 bit5",STRONGLY SUPPORTED; selected pages locally proven,read/write mailbox response,bitmask,genuine Online/Eco5 + local XTR,
0x0F,0x0708,1800,0x0708,,"Selector bitmap: page 0x05FF current=W2 bit6, desired=W0 bit6",STRONGLY SUPPORTED; selected pages locally proven,read/write mailbox response,bitmask,genuine Online/Eco5 + local XTR,
0x0F,0x0708,1800,0x0708,,"Selector bitmap: page 0x0620 current=W2 bit7, desired=W0 bit7",STRONGLY SUPPORTED; selected pages locally proven,read/write mailbox response,bitmask,genuine Online/Eco5 + local XTR,
0x0F,0x0708,1800,0x0708,,"Selector bitmap: page 0x0641 current=W2 bit8, desired=W0 bit8",STRONGLY SUPPORTED; selected pages locally proven,read/write mailbox response,bitmask,genuine Online/Eco5 + local XTR,
0x0F,0x0708,1800,0x0708,,"Selector bitmap: page 0x0662 current=W2 bit9, desired=W0 bit9",STRONGLY SUPPORTED; selected pages locally proven,read/write mailbox response,bitmask,genuine Online/Eco5 + local XTR,
0x0F,0x0708,1800,0x0708,,"Selector bitmap: page 0x0683 current=W2 bit10, desired=W0 bit10",STRONGLY SUPPORTED; selected pages locally proven,read/write mailbox response,bitmask,genuine Online/Eco5 + local XTR,
0x0F,0x0708,1800,0x0708,,"Selector bitmap: page 0x06A4 current=W2 bit11, desired=W0 bit11",STRONGLY SUPPORTED; selected pages locally proven,read/write mailbox response,bitmask,genuine Online/Eco5 + local XTR,
0x0F,0x0708,1800,0x0708,,"Selector bitmap: page 0x06C5 current=W2 bit12, desired=W0 bit12",STRONGLY SUPPORTED; selected pages locally proven,read/write mailbox response,bitmask,genuine Online/Eco5 + local XTR,
0x0F,0x0708,1800,0x0708,,"Selector bitmap: page 0x06EA current=W2 bit13, desired=W0 bit13",STRONGLY SUPPORTED; selected pages locally proven,read/write mailbox response,bitmask,genuine Online/Eco5 + local XTR,
0x0F,0x0708,1800,0x0708,,"Selector bitmap: page 0x06F1 current=W2 bit14, desired=W0 bit14",STRONGLY SUPPORTED; selected pages locally proven,read/write mailbox response,bitmask,genuine Online/Eco5 + local XTR,
0x0F,0x0708,1800,0x0708,,"Selector bitmap: page 0x06F4 current=W2 bit15, desired=W0 bit15",STRONGLY SUPPORTED; selected pages locally proven,read/write mailbox response,bitmask,genuine Online/Eco5 + local XTR,
0x0F,0x0861,2145,0x085F,2,Transport ACK field for AFCA=0x03E8 transaction,PROVEN / locally confirmed transport behavior,read,0↔16 observed,local XTR active experiments,
0x0F,0x0870,2160,0x0870,0,Compressor Operating Time; raw word also equals (06E3<<8)|06E2 in compared datasets,STRONGLY SUPPORTED,read,raw counter / scaling not fully reduced,PROTO-OFFLINE-16/20 + ATEC/iTec profiles,Do not assume unit/scaling without local cross-check
0x0A,0xB3B0,46000,,,Room temperature,PROVEN,controller-polled response,tenths °C,local/cross-model,
0x0A,0xB3B1,46001,,,Pending/requested room setpoint,PROVEN cross-model semantic request,controller-polled response,whole °C,Eco8/DHP-AQ,
0x0A,0xB3B2,46002,,,Unknown,OPEN / UNKNOWN,,,,
0x0A,0xB3C4,46020,,,Controller data to room sensor,OPEN / UNKNOWN,controller→room sensor,,,
0x0A,0xB3C5,46021,,,Propagated/confirmed room setpoint,PROVEN,controller→room sensor,whole °C,local/cross-model,
0x0A,0xB3C6,46022,,,Unknown status candidate,OPEN / UNKNOWN,,,,
0x1E,0x0014,20,,,Outdoor-unit status bitfield,STRONGLY SUPPORTED cross-model,read,bitfield,Eco8 long history,bit0 compressor; bit2 fan; bit3 flow; bit4 base/normal in observed operation
0x06,0xAFCA,45002,,,Accessory transport request/data-valid field,PROVEN transport role,accessory response bank,0x03E8 request pulse,local XTR experiments,
0x06,0xAFD1,45009,,,Expansion/accessory version field shown as version/10,PROVEN / locally confirmed,accessory response bank,raw/10,local XTR EXP129-132,
0x06,0xAFDC,45020,,,Controller/accessory lifecycle field; 0x20 is not DCM session proof,PROVEN negative/refinement,controller→accessory context,,local XTR + Eco8,0x20 follows broader controller/heating-availability lifecycle
0x06,0xAFE0,45024,,,Displayed outdoor temperature on Eco8,STRONGLY SUPPORTED cross-model,controller→accessory context,whole °C candidate,Eco8,
0x0F,0x06F4,1780,0x06F4,0,Exact mirror of A80C,PROVEN structural relation,read,uint16,PROTO-OFFLINE-04/01,Source-field human semantic remains separately scoped
0x0F,0x06F5,1781,0x06F4,1,Exact mirror of A80D,PROVEN structural relation,read,uint16,PROTO-OFFLINE-04/01,Source-field human semantic remains separately scoped
0x0F,0x06F8,1784,0x06F4,4,Exact mirror of A810,PROVEN structural relation,read,uint16,PROTO-OFFLINE-04/01,Source-field human semantic remains separately scoped
0x0F,0x0872,2162,0x0870,2,Heating Operating Time,STRONGLY SUPPORTED,read,raw counter / scaling not fully reduced,PROTO-OFFLINE-16/20 + ATEC/iTec profiles,
0x0F,0x0873,2163,0x0870,3,Cooling Operating Time,STRONGLY SUPPORTED,read,raw counter / scaling not fully reduced,PROTO-OFFLINE-16/20 + ATEC/iTec profiles,
0x0F,0x0874,2164,0x0870,4,Unknown,OPEN / UNKNOWN,read,,PROTO-OFFLINE-16/20,Do not force old contiguous-counter interpretation
0x0F,0x0875,2165,0x0870,5,Unknown,OPEN / UNKNOWN,read,,PROTO-OFFLINE-16/20,Do not force old contiguous-counter interpretation
0x0F,0x0876,2166,0x0870,6,Hot Water Operating Time,STRONGLY SUPPORTED,read,raw counter / scaling not fully reduced,PROTO-OFFLINE-16/20 + ATEC/iTec profiles,
0x0F,0x0877,2167,0x0870,7,Aux/Immersion Heater 1 Operating Time,STRONGLY SUPPORTED,read,raw counter / scaling not fully reduced,PROTO-OFFLINE-16/20 + ATEC/iTec profiles,
0x0F,0x0878,2168,0x0870,8,Aux/Immersion Heater 2 Operating Time,STRONGLY SUPPORTED,read,raw counter / scaling not fully reduced,PROTO-OFFLINE-16/20 + ATEC/iTec profiles,
0x0F,0x0879,2169,0x0870,9,Aux/Immersion Heater 3 Operating Time,STRONGLY SUPPORTED candidate for XTR,read,raw counter / scaling not fully reduced,PROTO-OFFLINE-16/20 + ATEC/XTR manual,Local XTR exact value confirmation pending
0x0F,0x087B,2171,0x0870,11,Defrost Count / Completed Defrost Periods,STRONGLY SUPPORTED,read,raw counter,PROTO-OFFLINE-08/16/20 + XTR manual,
0x0F,0x087C,2172,0x0870,12,Runtime/Time Between Last Two Defrosts,STRONGLY SUPPORTED,read,raw counter / scaling not fully reduced,PROTO-OFFLINE-08/16/20 + XTR manual,
0x0F,0x087D,2173,0x0870,13,Runtime/Time Since Last Defrost,STRONGLY SUPPORTED,read,raw counter / scaling not fully reduced,PROTO-OFFLINE-08/16/20 + XTR manual,
0x0F,0x0884,2180,0x0884,,Rolling timestamped service/alarm history page,PROVEN local modern ABI / VERY STRONGLY SUPPORTED history role,read,8x7-word records + 4-word trailer,PROTO-OFFLINE-14 + local XTR,Raw event IDs remain unresolved
