index,page_start_hex,count,current_push_word,desired_pull_word,bit,mask_hex,semantic_group,current_selector_evidence,desired_selector_evidence,local_xtr_note
0,0x03E8,14,W3,W1,0,0x0001,Heating settings,PROVEN / genuine + local XTR (EXP352/353/357),PROVEN / genuine + local XTR (EXP343 onward),W3 bit0 current refresh; W1 bit0 desired pull
1,0x03FC,11,W3,W1,1,0x0002,Unknown configuration,PROVEN / genuine W3 bitmap mapping,STRUCTURAL W1 symmetry only; NOT observed as a desired pull,
2,0x0410,22,W3,W1,2,0x0004,Hot-water/service settings (partial map),PROVEN / genuine W3 bitmap mapping,STRUCTURAL W1 symmetry only; NOT observed as a desired pull,
3,0x042E,15,W3,W1,3,0x0008,Hot-water settings/service,PROVEN / genuine bitmap + local XTR EXP378,PROVEN / genuine + local XTR EXP377/378,W3 bit3 current; W1 bit3 desired
4,0x0442,13,W3,W1,4,0x0010,Cooling settings,PROVEN / local XTR EXP379; genuine bitmap geometry,PROVEN / local XTR EXP379 ONLY; NOT observed as genuine Eco5 desired bit,W3 bit4 current; W1 bit4 desired used in successful local writes
5,0x0456,12,W3,W1,5,0x0020,Unknown configuration,PROVEN / genuine W3 bitmap mapping,STRUCTURAL W1 symmetry only; NOT observed as a desired pull,
6,0x046A,18,W3,W1,6,0x0040,Unknown configuration,PROVEN / genuine W3 bitmap mapping,STRUCTURAL W1 symmetry only; NOT observed as a desired pull,
7,0x047E,19,W3,W1,7,0x0080,Unknown configuration,PROVEN / genuine W3 bitmap mapping,STRUCTURAL W1 symmetry only; NOT observed as a desired pull,
8,0x0492,11,W3,W1,8,0x0100,Unknown configuration,PROVEN / genuine W3 bitmap mapping,STRUCTURAL W1 symmetry only; NOT observed as a desired pull,
9,0x04A6,13,W3,W1,9,0x0200,SG/context / recurrent,PROVEN / genuine W3 bitmap mapping,STRUCTURAL W1 symmetry only; NOT observed as a desired pull,
10,0x04BA,22,W3,W1,10,0x0400,Unknown configuration,PROVEN / genuine W3 bitmap mapping,STRUCTURAL W1 symmetry only; NOT observed as a desired pull,
11,0x04D8,27,W3,W1,11,0x0800,Concrete-drying configuration,PROVEN / genuine W3 bitmap mapping,STRUCTURAL W1 symmetry only; NOT observed as a desired pull,
12,0x04F6,14,W3,W1,12,0x1000,Unknown configuration,PROVEN / genuine W3 bitmap mapping,STRUCTURAL W1 symmetry only; NOT observed as a desired pull,
13,0x050A,19,W3,W1,13,0x2000,Unknown configuration,PROVEN / genuine W3 bitmap mapping,STRUCTURAL W1 symmetry only; NOT observed as a desired pull,
14,0x051E,10,W3,W1,14,0x4000,Unknown configuration,PROVEN / genuine W3 bitmap mapping,STRUCTURAL W1 symmetry only; NOT observed as a desired pull,
15,0x0532,18,W3,W1,15,0x8000,Unknown configuration,PROVEN / genuine W3 bitmap mapping,STRUCTURAL W1 symmetry only; NOT observed as a desired pull,
16,0x0546,20,W2,W0,0,0x0001,System / operation / integration,PROVEN / local XTR EXP380; genuine bitmap geometry,PROVEN / local XTR EXP380 + genuine ATEC/DCM03 ATEC-COLDSTART-01; genuine Eco5 W0 remains unobserved,W2 bit0 current; W0 bit0 desired used in successful local Operation Mode write and observed as genuine ATEC/DCM03 no-op desired pull
17,0x055A,33,W2,W0,1,0x0002,Calendar transport region,PROVEN / local XTR calendar transaction; genuine bitmap geometry,PROVEN / local XTR WW_GEBLOKKEERD edit ONLY; genuine W0 bit1 not observed,"local selector W0=0002 and W2=0002, followed by FC03 055A and exact FC16 republish; ATEC-COLDSTART-01 proves genuine W0 bit0 only"
18,0x057B,33,W2,W0,2,0x0004,Calendar transport region,PROVEN / genuine W2 bitmap mapping,STRUCTURAL W0 symmetry only; this W0 bit not observed genuinely; ATEC-COLDSTART-01 proves W0 bit0 only,
19,0x059C,33,W2,W0,3,0x0008,Calendar transport region,PROVEN / genuine W2 bitmap mapping,STRUCTURAL W0 symmetry only; this W0 bit not observed genuinely; ATEC-COLDSTART-01 proves W0 bit0 only,
20,0x05BD,33,W2,W0,4,0x0010,Calendar transport region,PROVEN / genuine W2 bitmap mapping,STRUCTURAL W0 symmetry only; this W0 bit not observed genuinely; ATEC-COLDSTART-01 proves W0 bit0 only,
21,0x05DE,33,W2,W0,5,0x0020,Calendar transport region,PROVEN / genuine W2 bitmap mapping,STRUCTURAL W0 symmetry only; this W0 bit not observed genuinely; ATEC-COLDSTART-01 proves W0 bit0 only,
22,0x05FF,33,W2,W0,6,0x0040,Calendar transport region,PROVEN / genuine W2 bitmap mapping,STRUCTURAL W0 symmetry only; this W0 bit not observed genuinely; ATEC-COLDSTART-01 proves W0 bit0 only,
23,0x0620,33,W2,W0,7,0x0080,Calendar transport region,PROVEN / genuine W2 bitmap mapping,STRUCTURAL W0 symmetry only; this W0 bit not observed genuinely; ATEC-COLDSTART-01 proves W0 bit0 only,
24,0x0641,33,W2,W0,8,0x0100,Calendar transport region,PROVEN / genuine W2 bitmap mapping,STRUCTURAL W0 symmetry only; this W0 bit not observed genuinely; ATEC-COLDSTART-01 proves W0 bit0 only,
25,0x0662,33,W2,W0,9,0x0200,Calendar transport region,PROVEN / genuine W2 bitmap mapping,STRUCTURAL W0 symmetry only; this W0 bit not observed genuinely; ATEC-COLDSTART-01 proves W0 bit0 only,
26,0x0683,33,W2,W0,10,0x0400,Calendar transport region,PROVEN / genuine W2 bitmap mapping,STRUCTURAL W0 symmetry only; this W0 bit not observed genuinely; ATEC-COLDSTART-01 proves W0 bit0 only,
27,0x06A4,33,W2,W0,11,0x0800,Calendar transport region,PROVEN / genuine W2 bitmap mapping,STRUCTURAL W0 symmetry only; this W0 bit not observed genuinely; ATEC-COLDSTART-01 proves W0 bit0 only,
28,0x06C5,33,W2,W0,12,0x1000,Calendar transport region,PROVEN / genuine W2 bitmap mapping,STRUCTURAL W0 symmetry only; this W0 bit not observed genuinely; ATEC-COLDSTART-01 proves W0 bit0 only,
29,0x06EA,7,W2,W0,13,0x2000,Clock/date block,PROVEN / genuine W2 bitmap mapping,STRUCTURAL W0 symmetry only; this W0 bit not observed genuinely; ATEC-COLDSTART-01 proves W0 bit0 only,
30,0x06F1,3,W2,W0,14,0x4000,Unknown configuration,PROVEN / genuine W2 bitmap mapping,STRUCTURAL W0 symmetry only; this W0 bit not observed genuinely; ATEC-COLDSTART-01 proves W0 bit0 only,
31,0x06F4,19,W2,W0,15,0x8000,Bootstrap terminal / context bridge,PROVEN / genuine W2 bitmap mapping,STRUCTURAL W0 symmetry only; this W0 bit not observed genuinely; ATEC-COLDSTART-01 proves W0 bit0 only,
