source_class,page_start_hex,page_count,offset,register_hex,register_dec,samples,unique_values,is_dynamic,min_hex,max_hex,values_hex
local_xtr,0x03E8,13,0,0x03E8,1000,3,2,True,0x0016,0x0017,0x0016;0x0017
local_xtr,0x03E8,13,1,0x03E9,1001,3,2,True,0x0014,0x0019,0x0014;0x0019
local_xtr,0x03E8,13,2,0x03EA,1002,3,1,False,0x0028,0x0028,0x0028
local_xtr,0x03E8,13,3,0x03EB,1003,3,1,False,0x0000,0x0000,0x0000
local_xtr,0x03E8,13,4,0x03EC,1004,3,1,False,0x0001,0x0001,0x0001
local_xtr,0x03E8,13,5,0x03ED,1005,3,1,False,0x0001,0x0001,0x0001
local_xtr,0x03E8,13,6,0x03EE,1006,3,1,False,0x0012,0x0012,0x0012
local_xtr,0x03E8,13,7,0x03EF,1007,3,1,False,0x0012,0x0012,0x0012
local_xtr,0x03E8,13,8,0x03F0,1008,3,1,False,0x0002,0x0002,0x0002
local_xtr,0x03E8,13,9,0x03F1,1009,3,1,False,0x0028,0x0028,0x0028
local_xtr,0x03E8,13,10,0x03F2,1010,3,1,False,0x001E,0x001E,0x001E
local_xtr,0x03E8,13,11,0x03F3,1011,3,1,False,0x003C,0x003C,0x003C
local_xtr,0x03E8,13,12,0x03F4,1012,3,2,True,0x0014,0x0015,0x0014;0x0015
genuine_eco5_online,0x03E8,14,0,0x03E8,1000,216,1,False,0x0019,0x0019,0x0019
genuine_eco5_online,0x03E8,14,1,0x03E9,1001,216,1,False,0x0013,0x0013,0x0013
genuine_eco5_online,0x03E8,14,2,0x03EA,1002,216,1,False,0x0028,0x0028,0x0028
genuine_eco5_online,0x03E8,14,3,0x03EB,1003,216,1,False,0x0000,0x0000,0x0000
genuine_eco5_online,0x03E8,14,4,0x03EC,1004,216,1,False,0x0000,0x0000,0x0000
genuine_eco5_online,0x03E8,14,5,0x03ED,1005,216,1,False,0x0000,0x0000,0x0000
genuine_eco5_online,0x03E8,14,6,0x03EE,1006,216,1,False,0x0015,0x0015,0x0015
genuine_eco5_online,0x03E8,14,7,0x03EF,1007,216,1,False,0x0013,0x0013,0x0013
genuine_eco5_online,0x03E8,14,8,0x03F0,1008,216,1,False,0x0002,0x0002,0x0002
genuine_eco5_online,0x03E8,14,9,0x03F1,1009,216,1,False,0x0028,0x0028,0x0028
genuine_eco5_online,0x03E8,14,10,0x03F2,1010,216,1,False,0x001E,0x001E,0x001E
genuine_eco5_online,0x03E8,14,11,0x03F3,1011,216,1,False,0x0001,0x0001,0x0001
genuine_eco5_online,0x03E8,14,12,0x03F4,1012,216,2,True,0x0014,0x001E,0x0014;0x001E
genuine_eco5_online,0x03E8,14,13,0x03F5,1013,216,1,False,0x0002,0x0002,0x0002
local_xtr,0x03FC,11,0,0x03FC,1020,1,1,False,0x0028,0x0028,0x0028
local_xtr,0x03FC,11,1,0x03FD,1021,1,1,False,0x000A,0x000A,0x000A
local_xtr,0x03FC,11,2,0x03FE,1022,1,1,False,0x0037,0x0037,0x0037
local_xtr,0x03FC,11,3,0x03FF,1023,1,1,False,0x0000,0x0000,0x0000
local_xtr,0x03FC,11,4,0x0400,1024,1,1,False,0x0000,0x0000,0x0000
local_xtr,0x03FC,11,5,0x0401,1025,1,1,False,0x0000,0x0000,0x0000
local_xtr,0x03FC,11,6,0x0402,1026,1,1,False,0x0002,0x0002,0x0002
local_xtr,0x03FC,11,7,0x0403,1027,1,1,False,0x0012,0x0012,0x0012
local_xtr,0x03FC,11,8,0x0404,1028,1,1,False,0x0028,0x0028,0x0028
local_xtr,0x03FC,11,9,0x0405,1029,1,1,False,0x001E,0x001E,0x001E
local_xtr,0x03FC,11,10,0x0406,1030,1,1,False,0x003C,0x003C,0x003C
genuine_eco5_online,0x03FC,11,0,0x03FC,1020,14,1,False,0x0028,0x0028,0x0028
genuine_eco5_online,0x03FC,11,1,0x03FD,1021,14,1,False,0x000A,0x000A,0x000A
genuine_eco5_online,0x03FC,11,2,0x03FE,1022,14,1,False,0x0037,0x0037,0x0037
genuine_eco5_online,0x03FC,11,3,0x03FF,1023,14,1,False,0x0000,0x0000,0x0000
genuine_eco5_online,0x03FC,11,4,0x0400,1024,14,1,False,0x0000,0x0000,0x0000
genuine_eco5_online,0x03FC,11,5,0x0401,1025,14,1,False,0x0000,0x0000,0x0000
genuine_eco5_online,0x03FC,11,6,0x0402,1026,14,1,False,0x0002,0x0002,0x0002
genuine_eco5_online,0x03FC,11,7,0x0403,1027,14,1,False,0x0012,0x0012,0x0012
genuine_eco5_online,0x03FC,11,8,0x0404,1028,14,1,False,0x0028,0x0028,0x0028
genuine_eco5_online,0x03FC,11,9,0x0405,1029,14,1,False,0x001E,0x001E,0x001E
genuine_eco5_online,0x03FC,11,10,0x0406,1030,14,1,False,0x003C,0x003C,0x003C
local_xtr,0x0410,21,0,0x0410,1040,1,1,False,0x0028,0x0028,0x0028
local_xtr,0x0410,21,1,0x0411,1041,1,1,False,0x000A,0x000A,0x000A
local_xtr,0x0410,21,2,0x0412,1042,1,1,False,0x0037,0x0037,0x0037
local_xtr,0x0410,21,3,0x0413,1043,1,1,False,0x0000,0x0000,0x0000
local_xtr,0x0410,21,4,0x0414,1044,1,1,False,0x0000,0x0000,0x0000
local_xtr,0x0410,21,5,0x0415,1045,1,1,False,0x0000,0x0000,0x0000
local_xtr,0x0410,21,6,0x0416,1046,1,1,False,0x0002,0x0002,0x0002
local_xtr,0x0410,21,7,0x0417,1047,1,1,False,0x0012,0x0012,0x0012
local_xtr,0x0410,21,8,0x0418,1048,1,1,False,0x0028,0x0028,0x0028
local_xtr,0x0410,21,9,0x0419,1049,1,1,False,0x001E,0x001E,0x001E
local_xtr,0x0410,21,10,0x041A,1050,1,1,False,0x003C,0x003C,0x003C
local_xtr,0x0410,21,11,0x041B,1051,1,1,False,0x0014,0x0014,0x0014
local_xtr,0x0410,21,12,0x041C,1052,1,1,False,0x0002,0x0002,0x0002
local_xtr,0x0410,21,13,0x041D,1053,1,1,False,0x0023,0x0023,0x0023
local_xtr,0x0410,21,14,0x041E,1054,1,1,False,0x0028,0x0028,0x0028
local_xtr,0x0410,21,15,0x041F,1055,1,1,False,0x0000,0x0000,0x0000
local_xtr,0x0410,21,16,0x0420,1056,1,1,False,0x0001,0x0001,0x0001
local_xtr,0x0410,21,17,0x0421,1057,1,1,False,0x0036,0x0036,0x0036
local_xtr,0x0410,21,18,0x0422,1058,1,1,False,0x000D,0x000D,0x000D
local_xtr,0x0410,21,19,0x0423,1059,1,1,False,0x0001,0x0001,0x0001
local_xtr,0x0410,21,20,0x0424,1060,1,1,False,0x0000,0x0000,0x0000
genuine_eco5_online,0x0410,22,0,0x0410,1040,14,1,False,0x0028,0x0028,0x0028
genuine_eco5_online,0x0410,22,1,0x0411,1041,14,1,False,0x000A,0x000A,0x000A
genuine_eco5_online,0x0410,22,2,0x0412,1042,14,1,False,0x0037,0x0037,0x0037
genuine_eco5_online,0x0410,22,3,0x0413,1043,14,1,False,0x0000,0x0000,0x0000
genuine_eco5_online,0x0410,22,4,0x0414,1044,14,1,False,0x0000,0x0000,0x0000
genuine_eco5_online,0x0410,22,5,0x0415,1045,14,1,False,0x0000,0x0000,0x0000
genuine_eco5_online,0x0410,22,6,0x0416,1046,14,1,False,0x0002,0x0002,0x0002
genuine_eco5_online,0x0410,22,7,0x0417,1047,14,1,False,0x0012,0x0012,0x0012
genuine_eco5_online,0x0410,22,8,0x0418,1048,14,1,False,0x0028,0x0028,0x0028
genuine_eco5_online,0x0410,22,9,0x0419,1049,14,1,False,0x001E,0x001E,0x001E
genuine_eco5_online,0x0410,22,10,0x041A,1050,14,1,False,0x003C,0x003C,0x003C
genuine_eco5_online,0x0410,22,11,0x041B,1051,14,1,False,0x0012,0x0012,0x0012
genuine_eco5_online,0x0410,22,12,0x041C,1052,14,1,False,0x0014,0x0014,0x0014
genuine_eco5_online,0x0410,22,13,0x041D,1053,14,1,False,0x0027,0x0027,0x0027
genuine_eco5_online,0x0410,22,14,0x041E,1054,14,1,False,0x0028,0x0028,0x0028
genuine_eco5_online,0x0410,22,15,0x041F,1055,14,1,False,0x0007,0x0007,0x0007
genuine_eco5_online,0x0410,22,16,0x0420,1056,14,1,False,0x0001,0x0001,0x0001
genuine_eco5_online,0x0410,22,17,0x0421,1057,14,1,False,0x003E,0x003E,0x003E
genuine_eco5_online,0x0410,22,18,0x0422,1058,14,1,False,0x000D,0x000D,0x000D
genuine_eco5_online,0x0410,22,19,0x0423,1059,14,1,False,0x0006,0x0006,0x0006
genuine_eco5_online,0x0410,22,20,0x0424,1060,14,2,True,0x0039,0x003C,0x0039;0x003C
genuine_eco5_online,0x0410,22,21,0x0425,1061,14,1,False,0x0000,0x0000,0x0000
local_xtr,0x042E,15,0,0x042E,1070,2,1,False,0x003C,0x003C,0x003C
local_xtr,0x042E,15,1,0x042F,1071,2,1,False,0x003C,0x003C,0x003C
local_xtr,0x042E,15,2,0x0430,1072,2,1,False,0x0015,0x0015,0x0015
local_xtr,0x042E,15,3,0x0431,1073,2,1,False,0x000C,0x000C,0x000C
local_xtr,0x042E,15,4,0x0432,1074,2,1,False,0x003C,0x003C,0x003C
local_xtr,0x042E,15,5,0x0433,1075,2,1,False,0x0014,0x0014,0x0014
local_xtr,0x042E,15,6,0x0434,1076,2,1,False,0xFFF1,0xFFF1,0xFFF1
local_xtr,0x042E,15,7,0x0435,1077,2,1,False,0xFFEC,0xFFEC,0xFFEC
local_xtr,0x042E,15,8,0x0436,1078,2,1,False,0x0000,0x0000,0x0000
local_xtr,0x042E,15,9,0x0437,1079,2,1,False,0x000A,0x000A,0x000A
local_xtr,0x042E,15,10,0x0438,1080,2,1,False,0x000A,0x000A,0x000A
local_xtr,0x042E,15,11,0x0439,1081,2,1,False,0x0003,0x0003,0x0003
local_xtr,0x042E,15,12,0x043A,1082,2,1,False,0x0003,0x0003,0x0003
local_xtr,0x042E,15,13,0x043B,1083,2,1,False,0x0046,0x0046,0x0046
local_xtr,0x042E,15,14,0x043C,1084,2,1,False,0x0001,0x0001,0x0001
genuine_eco5_online,0x042E,15,0,0x042E,1070,16,2,True,0x0000,0x0001,0x0000;0x0001
genuine_eco5_online,0x042E,15,1,0x042F,1071,16,2,True,0x0000,0x0001,0x0000;0x0001
genuine_eco5_online,0x042E,15,2,0x0430,1072,16,1,False,0x0000,0x0000,0x0000
genuine_eco5_online,0x042E,15,3,0x0431,1073,16,1,False,0x0014,0x0014,0x0014
genuine_eco5_online,0x042E,15,4,0x0432,1074,16,1,False,0xFFF6,0xFFF6,0xFFF6
genuine_eco5_online,0x042E,15,5,0x0433,1075,16,1,False,0x0005,0x0005,0x0005
genuine_eco5_online,0x042E,15,6,0x0434,1076,16,1,False,0x0028,0x0028,0x0028
genuine_eco5_online,0x042E,15,7,0x0435,1077,16,1,False,0x0000,0x0000,0x0000
genuine_eco5_online,0x042E,15,8,0x0436,1078,16,1,False,0x002D,0x002D,0x002D
genuine_eco5_online,0x042E,15,9,0x0437,1079,16,1,False,0x0000,0x0000,0x0000
genuine_eco5_online,0x042E,15,10,0x0438,1080,16,1,False,0x0000,0x0000,0x0000
genuine_eco5_online,0x042E,15,11,0x0439,1081,16,1,False,0x0000,0x0000,0x0000
genuine_eco5_online,0x042E,15,12,0x043A,1082,16,1,False,0x0000,0x0000,0x0000
genuine_eco5_online,0x042E,15,13,0x043B,1083,16,1,False,0x0000,0x0000,0x0000
genuine_eco5_online,0x042E,15,14,0x043C,1084,16,1,False,0x0000,0x0000,0x0000
local_xtr,0x0442,13,0,0x0442,1090,2,1,False,0x0000,0x0000,0x0000
local_xtr,0x0442,13,1,0x0443,1091,2,1,False,0x0019,0x0019,0x0019
local_xtr,0x0442,13,2,0x0444,1092,2,1,False,0x0014,0x0014,0x0014
local_xtr,0x0442,13,3,0x0445,1093,2,1,False,0x0015,0x0015,0x0015
local_xtr,0x0442,13,4,0x0446,1094,2,1,False,0x0002,0x0002,0x0002
local_xtr,0x0442,13,5,0x0447,1095,2,1,False,0x0023,0x0023,0x0023
local_xtr,0x0442,13,6,0x0448,1096,2,1,False,0x001E,0x001E,0x001E
local_xtr,0x0442,13,7,0x0449,1097,2,1,False,0x0012,0x0012,0x0012
local_xtr,0x0442,13,8,0x044A,1098,2,1,False,0x0012,0x0012,0x0012
local_xtr,0x0442,13,9,0x044B,1099,2,1,False,0x0010,0x0010,0x0010
local_xtr,0x0442,13,10,0x044C,1100,2,1,False,0x0001,0x0001,0x0001
local_xtr,0x0442,13,11,0x044D,1101,2,1,False,0x000A,0x000A,0x000A
local_xtr,0x0442,13,12,0x044E,1102,2,1,False,0x000A,0x000A,0x000A
genuine_eco5_online,0x0442,13,0,0x0442,1090,13,1,False,0x0001,0x0001,0x0001
genuine_eco5_online,0x0442,13,1,0x0443,1091,13,1,False,0x0013,0x0013,0x0013
genuine_eco5_online,0x0442,13,2,0x0444,1092,13,1,False,0x0000,0x0000,0x0000
genuine_eco5_online,0x0442,13,3,0x0445,1093,13,1,False,0x001C,0x001C,0x001C
genuine_eco5_online,0x0442,13,4,0x0446,1094,13,1,False,0x0000,0x0000,0x0000
genuine_eco5_online,0x0442,13,5,0x0447,1095,13,1,False,0xFFF8,0xFFF8,0xFFF8
genuine_eco5_online,0x0442,13,6,0x0448,1096,13,1,False,0x0005,0x0005,0x0005
genuine_eco5_online,0x0442,13,7,0x0449,1097,13,1,False,0x0028,0x0028,0x0028
genuine_eco5_online,0x0442,13,8,0x044A,1098,13,1,False,0x0000,0x0000,0x0000
genuine_eco5_online,0x0442,13,9,0x044B,1099,13,1,False,0x0000,0x0000,0x0000
genuine_eco5_online,0x0442,13,10,0x044C,1100,13,1,False,0x0000,0x0000,0x0000
genuine_eco5_online,0x0442,13,11,0x044D,1101,13,1,False,0x000A,0x000A,0x000A
genuine_eco5_online,0x0442,13,12,0x044E,1102,13,1,False,0x000A,0x000A,0x000A
local_xtr,0x0456,12,0,0x0456,1110,2,1,False,0x0001,0x0001,0x0001
local_xtr,0x0456,12,1,0x0457,1111,2,1,False,0x003C,0x003C,0x003C
local_xtr,0x0456,12,2,0x0458,1112,2,1,False,0x0014,0x0014,0x0014
local_xtr,0x0456,12,3,0x0459,1113,2,1,False,0x0014,0x0014,0x0014
local_xtr,0x0456,12,4,0x045A,1114,2,1,False,0x0037,0x0037,0x0037
local_xtr,0x0456,12,5,0x045B,1115,2,1,False,0x001E,0x001E,0x001E
local_xtr,0x0456,12,6,0x045C,1116,2,1,False,0x0000,0x0000,0x0000
local_xtr,0x0456,12,7,0x045D,1117,2,1,False,0x001E,0x001E,0x001E
local_xtr,0x0456,12,8,0x045E,1118,2,1,False,0x0000,0x0000,0x0000
local_xtr,0x0456,12,9,0x045F,1119,2,1,False,0x0000,0x0000,0x0000
local_xtr,0x0456,12,10,0x0460,1120,2,1,False,0x0001,0x0001,0x0001
local_xtr,0x0456,12,11,0x0461,1121,2,1,False,0x003C,0x003C,0x003C
genuine_eco5_online,0x0456,12,0,0x0456,1110,14,1,False,0x0000,0x0000,0x0000
genuine_eco5_online,0x0456,12,1,0x0457,1111,14,1,False,0x0006,0x0006,0x0006
genuine_eco5_online,0x0456,12,2,0x0458,1112,14,1,False,0x0014,0x0014,0x0014
genuine_eco5_online,0x0456,12,3,0x0459,1113,14,1,False,0x001E,0x001E,0x001E
genuine_eco5_online,0x0456,12,4,0x045A,1114,14,1,False,0x0000,0x0000,0x0000
genuine_eco5_online,0x0456,12,5,0x045B,1115,14,1,False,0x0006,0x0006,0x0006
genuine_eco5_online,0x0456,12,6,0x045C,1116,14,1,False,0xFFFF,0xFFFF,0xFFFF
genuine_eco5_online,0x0456,12,7,0x045D,1117,14,1,False,0xFFFF,0xFFFF,0xFFFF
genuine_eco5_online,0x0456,12,8,0x045E,1118,14,1,False,0x0000,0x0000,0x0000
genuine_eco5_online,0x0456,12,9,0x045F,1119,14,1,False,0x0000,0x0000,0x0000
genuine_eco5_online,0x0456,12,10,0x0460,1120,14,1,False,0x0000,0x0000,0x0000
genuine_eco5_online,0x0456,12,11,0x0461,1121,14,1,False,0x0001,0x0001,0x0001
local_xtr,0x046A,18,0,0x046A,1130,2,1,False,0x0000,0x0000,0x0000
local_xtr,0x046A,18,1,0x046B,1131,2,1,False,0x0000,0x0000,0x0000
local_xtr,0x046A,18,2,0x046C,1132,2,1,False,0x0000,0x0000,0x0000
local_xtr,0x046A,18,3,0x046D,1133,2,1,False,0x0000,0x0000,0x0000
local_xtr,0x046A,18,4,0x046E,1134,2,1,False,0x0000,0x0000,0x0000
local_xtr,0x046A,18,5,0x046F,1135,2,1,False,0x0000,0x0000,0x0000
local_xtr,0x046A,18,6,0x0470,1136,2,1,False,0x0000,0x0000,0x0000
local_xtr,0x046A,18,7,0x0471,1137,2,1,False,0x0000,0x0000,0x0000
local_xtr,0x046A,18,8,0x0472,1138,2,1,False,0x0000,0x0000,0x0000
local_xtr,0x046A,18,9,0x0473,1139,2,1,False,0x0000,0x0000,0x0000
local_xtr,0x046A,18,10,0x0474,1140,2,1,False,0x0000,0x0000,0x0000
local_xtr,0x046A,18,11,0x0475,1141,2,1,False,0x0000,0x0000,0x0000
local_xtr,0x046A,18,12,0x0476,1142,2,1,False,0x0000,0x0000,0x0000
local_xtr,0x046A,18,13,0x0477,1143,2,1,False,0x0000,0x0000,0x0000
local_xtr,0x046A,18,14,0x0478,1144,2,1,False,0x0000,0x0000,0x0000
local_xtr,0x046A,18,15,0x0479,1145,2,1,False,0x0000,0x0000,0x0000
local_xtr,0x046A,18,16,0x047A,1146,2,1,False,0x0000,0x0000,0x0000
local_xtr,0x046A,18,17,0x047B,1147,2,1,False,0x0005,0x0005,0x0005
genuine_eco5_online,0x046A,18,0,0x046A,1130,14,1,False,0x0000,0x0000,0x0000
genuine_eco5_online,0x046A,18,1,0x046B,1131,14,1,False,0x0000,0x0000,0x0000
genuine_eco5_online,0x046A,18,2,0x046C,1132,14,1,False,0x0000,0x0000,0x0000
genuine_eco5_online,0x046A,18,3,0x046D,1133,14,1,False,0x0000,0x0000,0x0000
genuine_eco5_online,0x046A,18,4,0x046E,1134,14,1,False,0x0000,0x0000,0x0000
genuine_eco5_online,0x046A,18,5,0x046F,1135,14,1,False,0x0000,0x0000,0x0000
genuine_eco5_online,0x046A,18,6,0x0470,1136,14,1,False,0x0000,0x0000,0x0000
genuine_eco5_online,0x046A,18,7,0x0471,1137,14,1,False,0x0000,0x0000,0x0000
genuine_eco5_online,0x046A,18,8,0x0472,1138,14,1,False,0x0000,0x0000,0x0000
genuine_eco5_online,0x046A,18,9,0x0473,1139,14,1,False,0x0000,0x0000,0x0000
genuine_eco5_online,0x046A,18,10,0x0474,1140,14,1,False,0x0000,0x0000,0x0000
genuine_eco5_online,0x046A,18,11,0x0475,1141,14,1,False,0x0000,0x0000,0x0000
genuine_eco5_online,0x046A,18,12,0x0476,1142,14,1,False,0x0000,0x0000,0x0000
genuine_eco5_online,0x046A,18,13,0x0477,1143,14,1,False,0x0000,0x0000,0x0000
genuine_eco5_online,0x046A,18,14,0x0478,1144,14,1,False,0x0000,0x0000,0x0000
genuine_eco5_online,0x046A,18,15,0x0479,1145,14,1,False,0x0000,0x0000,0x0000
genuine_eco5_online,0x046A,18,16,0x047A,1146,14,1,False,0x0000,0x0000,0x0000
genuine_eco5_online,0x046A,18,17,0x047B,1147,14,1,False,0x0000,0x0000,0x0000
local_xtr,0x047E,19,0,0x047E,1150,2,1,False,0x0000,0x0000,0x0000
local_xtr,0x047E,19,1,0x047F,1151,2,1,False,0x0004,0x0004,0x0004
local_xtr,0x047E,19,2,0x0480,1152,2,1,False,0xFFFB,0xFFFB,0xFFFB
local_xtr,0x047E,19,3,0x0481,1153,2,1,False,0xFFF1,0xFFF1,0xFFF1
local_xtr,0x047E,19,4,0x0482,1154,2,1,False,0xFFE7,0xFFE7,0xFFE7
local_xtr,0x047E,19,5,0x0483,1155,2,1,False,0x000F,0x000F,0x000F
local_xtr,0x047E,19,6,0x0484,1156,2,1,False,0x0000,0x0000,0x0000
local_xtr,0x047E,19,7,0x0485,1157,2,1,False,0x0026,0x0026,0x0026
local_xtr,0x047E,19,8,0x0486,1158,2,1,False,0x0007,0x0007,0x0007
local_xtr,0x047E,19,9,0x0487,1159,2,1,False,0x0003,0x0003,0x0003
local_xtr,0x047E,19,10,0x0488,1160,2,1,False,0x000A,0x000A,0x000A
local_xtr,0x047E,19,11,0x0489,1161,2,1,False,0x002D,0x002D,0x002D
local_xtr,0x047E,19,12,0x048A,1162,2,1,False,0x0014,0x0014,0x0014
local_xtr,0x047E,19,13,0x048B,1163,2,1,False,0x000A,0x000A,0x000A
local_xtr,0x047E,19,14,0x048C,1164,2,1,False,0x0019,0x0019,0x0019
local_xtr,0x047E,19,15,0x048D,1165,2,1,False,0x003E,0x003E,0x003E
local_xtr,0x047E,19,16,0x048E,1166,2,1,False,0x0050,0x0050,0x0050
local_xtr,0x047E,19,17,0x048F,1167,2,1,False,0x0004,0x0004,0x0004
local_xtr,0x047E,19,18,0x0490,1168,2,1,False,0x0000,0x0000,0x0000
genuine_eco5_online,0x047E,19,0,0x047E,1150,6,1,False,0x0000,0x0000,0x0000
genuine_eco5_online,0x047E,19,1,0x047F,1151,6,1,False,0x0000,0x0000,0x0000
genuine_eco5_online,0x047E,19,2,0x0480,1152,6,1,False,0x0000,0x0000,0x0000
genuine_eco5_online,0x047E,19,3,0x0481,1153,6,1,False,0x0000,0x0000,0x0000
genuine_eco5_online,0x047E,19,4,0x0482,1154,6,1,False,0x0000,0x0000,0x0000
genuine_eco5_online,0x047E,19,5,0x0483,1155,6,1,False,0x0000,0x0000,0x0000
genuine_eco5_online,0x047E,19,6,0x0484,1156,6,1,False,0x0000,0x0000,0x0000
genuine_eco5_online,0x047E,19,7,0x0485,1157,6,1,False,0x0000,0x0000,0x0000
genuine_eco5_online,0x047E,19,8,0x0486,1158,6,1,False,0x0000,0x0000,0x0000
genuine_eco5_online,0x047E,19,9,0x0487,1159,6,1,False,0x0000,0x0000,0x0000
genuine_eco5_online,0x047E,19,10,0x0488,1160,6,1,False,0x0000,0x0000,0x0000
genuine_eco5_online,0x047E,19,11,0x0489,1161,6,1,False,0x0000,0x0000,0x0000
genuine_eco5_online,0x047E,19,12,0x048A,1162,6,1,False,0x0000,0x0000,0x0000
genuine_eco5_online,0x047E,19,13,0x048B,1163,6,1,False,0x0000,0x0000,0x0000
genuine_eco5_online,0x047E,19,14,0x048C,1164,6,1,False,0x0000,0x0000,0x0000
genuine_eco5_online,0x047E,19,15,0x048D,1165,6,1,False,0x0000,0x0000,0x0000
genuine_eco5_online,0x047E,19,16,0x048E,1166,6,1,False,0x0000,0x0000,0x0000
genuine_eco5_online,0x047E,19,17,0x048F,1167,6,1,False,0x0000,0x0000,0x0000
genuine_eco5_online,0x047E,19,18,0x0490,1168,6,1,False,0x0000,0x0000,0x0000
local_xtr,0x0492,9,0,0x0492,1170,2,1,False,0x0005,0x0005,0x0005
local_xtr,0x0492,9,1,0x0493,1171,2,1,False,0x0003,0x0003,0x0003
local_xtr,0x0492,9,2,0x0494,1172,2,1,False,0x0064,0x0064,0x0064
local_xtr,0x0492,9,3,0x0495,1173,2,1,False,0x0064,0x0064,0x0064
local_xtr,0x0492,9,4,0x0496,1174,2,1,False,0x0028,0x0028,0x0028
local_xtr,0x0492,9,5,0x0497,1175,2,1,False,0x0037,0x0037,0x0037
local_xtr,0x0492,9,6,0x0498,1176,2,1,False,0x0032,0x0032,0x0032
local_xtr,0x0492,9,7,0x0499,1177,2,1,False,0x0046,0x0046,0x0046
local_xtr,0x0492,9,8,0x049A,1178,2,1,False,0x0064,0x0064,0x0064
genuine_eco5_online,0x0492,11,0,0x0492,1170,6,1,False,0x0050,0x0050,0x0050
genuine_eco5_online,0x0492,11,1,0x0493,1171,6,1,False,0x003C,0x003C,0x003C
genuine_eco5_online,0x0492,11,2,0x0494,1172,6,1,False,0x005A,0x005A,0x005A
genuine_eco5_online,0x0492,11,3,0x0495,1173,6,1,False,0x000A,0x000A,0x000A
genuine_eco5_online,0x0492,11,4,0x0496,1174,6,1,False,0x0050,0x0050,0x0050
genuine_eco5_online,0x0492,11,5,0x0497,1175,6,1,False,0x0050,0x0050,0x0050
genuine_eco5_online,0x0492,11,6,0x0498,1176,6,1,False,0x0050,0x0050,0x0050
genuine_eco5_online,0x0492,11,7,0x0499,1177,6,1,False,0x0050,0x0050,0x0050
genuine_eco5_online,0x0492,11,8,0x049A,1178,6,1,False,0x0032,0x0032,0x0032
genuine_eco5_online,0x0492,11,9,0x049B,1179,6,1,False,0x002D,0x002D,0x002D
genuine_eco5_online,0x0492,11,10,0x049C,1180,6,1,False,0x0005,0x0005,0x0005
local_xtr,0x04A6,13,0,0x04A6,1190,2,1,False,0x0000,0x0000,0x0000
local_xtr,0x04A6,13,1,0x04A7,1191,2,1,False,0x0003,0x0003,0x0003
local_xtr,0x04A6,13,2,0x04A8,1192,2,1,False,0x0004,0x0004,0x0004
local_xtr,0x04A6,13,3,0x04A9,1193,2,1,False,0x0002,0x0002,0x0002
local_xtr,0x04A6,13,4,0x04AA,1194,2,1,False,0x003F,0x003F,0x003F
local_xtr,0x04A6,13,5,0x04AB,1195,2,1,False,0x0050,0x0050,0x0050
local_xtr,0x04A6,13,6,0x04AC,1196,2,1,False,0x003C,0x003C,0x003C
local_xtr,0x04A6,13,7,0x04AD,1197,2,1,False,0x0002,0x0002,0x0002
local_xtr,0x04A6,13,8,0x04AE,1198,2,1,False,0x0000,0x0000,0x0000
local_xtr,0x04A6,13,9,0x04AF,1199,2,1,False,0x003C,0x003C,0x003C
local_xtr,0x04A6,13,10,0x04B0,1200,2,1,False,0x000F,0x000F,0x000F
local_xtr,0x04A6,13,11,0x04B1,1201,2,1,False,0x001E,0x001E,0x001E
local_xtr,0x04A6,13,12,0x04B2,1202,2,1,False,0x0000,0x0000,0x0000
genuine_eco5_online,0x04A6,13,0,0x04A6,1190,583,2,True,0x0000,0x0044,0x0000;0x0044
genuine_eco5_online,0x04A6,13,1,0x04A7,1191,583,2,True,0x0000,0x0001,0x0000;0x0001
genuine_eco5_online,0x04A6,13,2,0x04A8,1192,583,1,False,0x0000,0x0000,0x0000
genuine_eco5_online,0x04A6,13,3,0x04A9,1193,583,1,False,0x0000,0x0000,0x0000
genuine_eco5_online,0x04A6,13,4,0x04AA,1194,583,1,False,0x0000,0x0000,0x0000
genuine_eco5_online,0x04A6,13,5,0x04AB,1195,583,1,False,0x0000,0x0000,0x0000
genuine_eco5_online,0x04A6,13,6,0x04AC,1196,583,1,False,0x0000,0x0000,0x0000
genuine_eco5_online,0x04A6,13,7,0x04AD,1197,583,1,False,0x0000,0x0000,0x0000
genuine_eco5_online,0x04A6,13,8,0x04AE,1198,583,1,False,0x0000,0x0000,0x0000
genuine_eco5_online,0x04A6,13,9,0x04AF,1199,583,1,False,0x0000,0x0000,0x0000
genuine_eco5_online,0x04A6,13,10,0x04B0,1200,583,2,True,0x4A00,0x4A20,0x4A00;0x4A20
genuine_eco5_online,0x04A6,13,11,0x04B1,1201,583,1,False,0x0000,0x0000,0x0000
genuine_eco5_online,0x04A6,13,12,0x04B2,1202,583,1,False,0x0000,0x0000,0x0000
local_xtr,0x04BA,22,0,0x04BA,1210,2,1,False,0x0013,0x0013,0x0013
local_xtr,0x04BA,22,1,0x04BB,1211,2,1,False,0x0000,0x0000,0x0000
local_xtr,0x04BA,22,2,0x04BC,1212,2,1,False,0x0000,0x0000,0x0000
local_xtr,0x04BA,22,3,0x04BD,1213,2,1,False,0x0000,0x0000,0x0000
local_xtr,0x04BA,22,4,0x04BE,1214,2,1,False,0x0000,0x0000,0x0000
local_xtr,0x04BA,22,5,0x04BF,1215,2,1,False,0x0019,0x0019,0x0019
local_xtr,0x04BA,22,6,0x04C0,1216,2,1,False,0x001E,0x001E,0x001E
local_xtr,0x04BA,22,7,0x04C1,1217,2,1,False,0x0004,0x0004,0x0004
local_xtr,0x04BA,22,8,0x04C2,1218,2,1,False,0x0007,0x0007,0x0007
local_xtr,0x04BA,22,9,0x04C3,1219,2,1,False,0x000A,0x000A,0x000A
local_xtr,0x04BA,22,10,0x04C4,1220,2,1,False,0x001E,0x001E,0x001E
local_xtr,0x04BA,22,11,0x04C5,1221,2,1,False,0x0001,0x0001,0x0001
local_xtr,0x04BA,22,12,0x04C6,1222,2,1,False,0x001E,0x001E,0x001E
local_xtr,0x04BA,22,13,0x04C7,1223,2,1,False,0x0001,0x0001,0x0001
local_xtr,0x04BA,22,14,0x04C8,1224,2,1,False,0x001E,0x001E,0x001E
local_xtr,0x04BA,22,15,0x04C9,1225,2,1,False,0x0001,0x0001,0x0001
local_xtr,0x04BA,22,16,0x04CA,1226,2,1,False,0x0001,0x0001,0x0001
local_xtr,0x04BA,22,17,0x04CB,1227,2,1,False,0x0000,0x0000,0x0000
local_xtr,0x04BA,22,18,0x04CC,1228,2,1,False,0x0000,0x0000,0x0000
local_xtr,0x04BA,22,19,0x04CD,1229,2,1,False,0x0000,0x0000,0x0000
local_xtr,0x04BA,22,20,0x04CE,1230,2,1,False,0x0028,0x0028,0x0028
local_xtr,0x04BA,22,21,0x04CF,1231,2,1,False,0x0037,0x0037,0x0037
genuine_eco5_online,0x04BA,22,0,0x04BA,1210,41,1,False,0x0014,0x0014,0x0014
genuine_eco5_online,0x04BA,22,1,0x04BB,1211,41,1,False,0x0000,0x0000,0x0000
genuine_eco5_online,0x04BA,22,2,0x04BC,1212,41,1,False,0x0000,0x0000,0x0000
genuine_eco5_online,0x04BA,22,3,0x04BD,1213,41,1,False,0x0000,0x0000,0x0000
genuine_eco5_online,0x04BA,22,4,0x04BE,1214,41,1,False,0x0000,0x0000,0x0000
genuine_eco5_online,0x04BA,22,5,0x04BF,1215,41,1,False,0x0019,0x0019,0x0019
genuine_eco5_online,0x04BA,22,6,0x04C0,1216,41,1,False,0x0028,0x0028,0x0028
genuine_eco5_online,0x04BA,22,7,0x04C1,1217,41,1,False,0x0004,0x0004,0x0004
genuine_eco5_online,0x04BA,22,8,0x04C2,1218,41,1,False,0x0007,0x0007,0x0007
genuine_eco5_online,0x04BA,22,9,0x04C3,1219,41,1,False,0x000A,0x000A,0x000A
genuine_eco5_online,0x04BA,22,10,0x04C4,1220,41,1,False,0x001E,0x001E,0x001E
genuine_eco5_online,0x04BA,22,11,0x04C5,1221,41,1,False,0x0001,0x0001,0x0001
genuine_eco5_online,0x04BA,22,12,0x04C6,1222,41,1,False,0x001E,0x001E,0x001E
genuine_eco5_online,0x04BA,22,13,0x04C7,1223,41,1,False,0x0001,0x0001,0x0001
genuine_eco5_online,0x04BA,22,14,0x04C8,1224,41,1,False,0x001E,0x001E,0x001E
genuine_eco5_online,0x04BA,22,15,0x04C9,1225,41,1,False,0x0001,0x0001,0x0001
genuine_eco5_online,0x04BA,22,16,0x04CA,1226,41,1,False,0x0001,0x0001,0x0001
genuine_eco5_online,0x04BA,22,17,0x04CB,1227,41,1,False,0x0000,0x0000,0x0000
genuine_eco5_online,0x04BA,22,18,0x04CC,1228,41,1,False,0x0000,0x0000,0x0000
genuine_eco5_online,0x04BA,22,19,0x04CD,1229,41,1,False,0x0000,0x0000,0x0000
genuine_eco5_online,0x04BA,22,20,0x04CE,1230,41,1,False,0x0028,0x0028,0x0028
genuine_eco5_online,0x04BA,22,21,0x04CF,1231,41,1,False,0x0037,0x0037,0x0037
local_xtr,0x04D8,27,0,0x04D8,1240,2,1,False,0x0001,0x0001,0x0001
local_xtr,0x04D8,27,1,0x04D9,1241,2,1,False,0x0001,0x0001,0x0001
local_xtr,0x04D8,27,2,0x04DA,1242,2,1,False,0x000C,0x000C,0x000C
local_xtr,0x04D8,27,3,0x04DB,1243,2,1,False,0x0000,0x0000,0x0000
local_xtr,0x04D8,27,4,0x04DC,1244,2,1,False,0x0000,0x0000,0x0000
local_xtr,0x04D8,27,5,0x04DD,1245,2,1,False,0x0002,0x0002,0x0002
local_xtr,0x04D8,27,6,0x04DE,1246,2,1,False,0x0002,0x0002,0x0002
local_xtr,0x04D8,27,7,0x04DF,1247,2,1,False,0x0001,0x0001,0x0001
local_xtr,0x04D8,27,8,0x04E0,1248,2,1,False,0x0019,0x0019,0x0019
local_xtr,0x04D8,27,9,0x04E1,1249,2,1,False,0x0002,0x0002,0x0002
local_xtr,0x04D8,27,10,0x04E2,1250,2,1,False,0x0014,0x0014,0x0014
local_xtr,0x04D8,27,11,0x04E3,1251,2,1,False,0x0003,0x0003,0x0003
local_xtr,0x04D8,27,12,0x04E4,1252,2,1,False,0x0014,0x0014,0x0014
local_xtr,0x04D8,27,13,0x04E5,1253,2,1,False,0x0004,0x0004,0x0004
local_xtr,0x04D8,27,14,0x04E6,1254,2,1,False,0x0014,0x0014,0x0014
local_xtr,0x04D8,27,15,0x04E7,1255,2,1,False,0x0005,0x0005,0x0005
local_xtr,0x04D8,27,16,0x04E8,1256,2,1,False,0x0014,0x0014,0x0014
local_xtr,0x04D8,27,17,0x04E9,1257,2,1,False,0x0006,0x0006,0x0006
local_xtr,0x04D8,27,18,0x04EA,1258,2,1,False,0x0014,0x0014,0x0014
local_xtr,0x04D8,27,19,0x04EB,1259,2,1,False,0x0007,0x0007,0x0007
local_xtr,0x04D8,27,20,0x04EC,1260,2,1,False,0x0014,0x0014,0x0014
local_xtr,0x04D8,27,21,0x04ED,1261,2,1,False,0x0008,0x0008,0x0008
local_xtr,0x04D8,27,22,0x04EE,1262,2,1,False,0x0014,0x0014,0x0014
local_xtr,0x04D8,27,23,0x04EF,1263,2,1,False,0x0009,0x0009,0x0009
local_xtr,0x04D8,27,24,0x04F0,1264,2,1,False,0x0014,0x0014,0x0014
local_xtr,0x04D8,27,25,0x04F1,1265,2,1,False,0x000A,0x000A,0x000A
local_xtr,0x04D8,27,26,0x04F2,1266,2,1,False,0x0014,0x0014,0x0014
genuine_eco5_online,0x04D8,27,0,0x04D8,1240,7,1,False,0x0006,0x0006,0x0006
genuine_eco5_online,0x04D8,27,1,0x04D9,1241,7,1,False,0x0002,0x0002,0x0002
genuine_eco5_online,0x04D8,27,2,0x04DA,1242,7,1,False,0x0019,0x0019,0x0019
genuine_eco5_online,0x04D8,27,3,0x04DB,1243,7,1,False,0x0000,0x0000,0x0000
genuine_eco5_online,0x04D8,27,4,0x04DC,1244,7,1,False,0x000C,0x000C,0x000C
genuine_eco5_online,0x04D8,27,5,0x04DD,1245,7,1,False,0x0002,0x0002,0x0002
genuine_eco5_online,0x04D8,27,6,0x04DE,1246,7,1,False,0x000A,0x000A,0x000A
genuine_eco5_online,0x04D8,27,7,0x04DF,1247,7,1,False,0x0001,0x0001,0x0001
genuine_eco5_online,0x04D8,27,8,0x04E0,1248,7,1,False,0x0014,0x0014,0x0014
genuine_eco5_online,0x04D8,27,9,0x04E1,1249,7,1,False,0x0002,0x0002,0x0002
genuine_eco5_online,0x04D8,27,10,0x04E2,1250,7,1,False,0x0019,0x0019,0x0019
genuine_eco5_online,0x04D8,27,11,0x04E3,1251,7,1,False,0x0003,0x0003,0x0003
genuine_eco5_online,0x04D8,27,12,0x04E4,1252,7,1,False,0x001E,0x001E,0x001E
genuine_eco5_online,0x04D8,27,13,0x04E5,1253,7,1,False,0x0004,0x0004,0x0004
genuine_eco5_online,0x04D8,27,14,0x04E6,1254,7,1,False,0x0023,0x0023,0x0023
genuine_eco5_online,0x04D8,27,15,0x04E7,1255,7,1,False,0x0005,0x0005,0x0005
genuine_eco5_online,0x04D8,27,16,0x04E8,1256,7,1,False,0x0028,0x0028,0x0028
genuine_eco5_online,0x04D8,27,17,0x04E9,1257,7,1,False,0x0006,0x0006,0x0006
genuine_eco5_online,0x04D8,27,18,0x04EA,1258,7,1,False,0x0028,0x0028,0x0028
genuine_eco5_online,0x04D8,27,19,0x04EB,1259,7,1,False,0x0007,0x0007,0x0007
genuine_eco5_online,0x04D8,27,20,0x04EC,1260,7,1,False,0x0023,0x0023,0x0023
genuine_eco5_online,0x04D8,27,21,0x04ED,1261,7,1,False,0x0008,0x0008,0x0008
genuine_eco5_online,0x04D8,27,22,0x04EE,1262,7,1,False,0x001E,0x001E,0x001E
genuine_eco5_online,0x04D8,27,23,0x04EF,1263,7,1,False,0x0009,0x0009,0x0009
genuine_eco5_online,0x04D8,27,24,0x04F0,1264,7,1,False,0x0019,0x0019,0x0019
genuine_eco5_online,0x04D8,27,25,0x04F1,1265,7,1,False,0x000A,0x000A,0x000A
genuine_eco5_online,0x04D8,27,26,0x04F2,1266,7,1,False,0x0014,0x0014,0x0014
local_xtr,0x04F6,14,0,0x04F6,1270,2,1,False,0x000A,0x000A,0x000A
local_xtr,0x04F6,14,1,0x04F7,1271,2,1,False,0x0037,0x0037,0x0037
local_xtr,0x04F6,14,2,0x04F8,1272,2,1,False,0x0014,0x0014,0x0014
local_xtr,0x04F6,14,3,0x04F9,1273,2,1,False,0xFFF1,0xFFF1,0xFFF1
local_xtr,0x04F6,14,4,0x04FA,1274,2,1,False,0xFFEC,0xFFEC,0xFFEC
local_xtr,0x04F6,14,5,0x04FB,1275,2,1,False,0x00EC,0x00EC,0x00EC
local_xtr,0x04F6,14,6,0x04FC,1276,2,1,False,0x0000,0x0000,0x0000
local_xtr,0x04F6,14,7,0x04FD,1277,2,1,False,0x0000,0x0000,0x0000
local_xtr,0x04F6,14,8,0x04FE,1278,2,1,False,0x0000,0x0000,0x0000
local_xtr,0x04F6,14,9,0x04FF,1279,2,1,False,0x0000,0x0000,0x0000
local_xtr,0x04F6,14,10,0x0500,1280,2,1,False,0x0000,0x0000,0x0000
local_xtr,0x04F6,14,11,0x0501,1281,2,1,False,0x0000,0x0000,0x0000
local_xtr,0x04F6,14,12,0x0502,1282,2,1,False,0x0000,0x0000,0x0000
local_xtr,0x04F6,14,13,0x0503,1283,2,1,False,0x0000,0x0000,0x0000
genuine_eco5_online,0x04F6,14,0,0x04F6,1270,6,1,False,0x0000,0x0000,0x0000
genuine_eco5_online,0x04F6,14,1,0x04F7,1271,6,1,False,0x0000,0x0000,0x0000
genuine_eco5_online,0x04F6,14,2,0x04F8,1272,6,1,False,0x0000,0x0000,0x0000
genuine_eco5_online,0x04F6,14,3,0x04F9,1273,6,1,False,0x0000,0x0000,0x0000
genuine_eco5_online,0x04F6,14,4,0x04FA,1274,6,1,False,0x0000,0x0000,0x0000
genuine_eco5_online,0x04F6,14,5,0x04FB,1275,6,1,False,0x0000,0x0000,0x0000
genuine_eco5_online,0x04F6,14,6,0x04FC,1276,6,1,False,0x0000,0x0000,0x0000
genuine_eco5_online,0x04F6,14,7,0x04FD,1277,6,1,False,0x0000,0x0000,0x0000
genuine_eco5_online,0x04F6,14,8,0x04FE,1278,6,1,False,0x0000,0x0000,0x0000
genuine_eco5_online,0x04F6,14,9,0x04FF,1279,6,1,False,0x0000,0x0000,0x0000
genuine_eco5_online,0x04F6,14,10,0x0500,1280,6,1,False,0x0000,0x0000,0x0000
genuine_eco5_online,0x04F6,14,11,0x0501,1281,6,1,False,0x0000,0x0000,0x0000
genuine_eco5_online,0x04F6,14,12,0x0502,1282,6,1,False,0x0000,0x0000,0x0000
genuine_eco5_online,0x04F6,14,13,0x0503,1283,6,1,False,0x0000,0x0000,0x0000
local_xtr,0x050A,19,0,0x050A,1290,2,1,False,0x0000,0x0000,0x0000
local_xtr,0x050A,19,1,0x050B,1291,2,1,False,0x0004,0x0004,0x0004
local_xtr,0x050A,19,2,0x050C,1292,2,1,False,0xFFFB,0xFFFB,0xFFFB
local_xtr,0x050A,19,3,0x050D,1293,2,1,False,0xFFF1,0xFFF1,0xFFF1
local_xtr,0x050A,19,4,0x050E,1294,2,1,False,0xFFE7,0xFFE7,0xFFE7
local_xtr,0x050A,19,5,0x050F,1295,2,1,False,0x000F,0x000F,0x000F
local_xtr,0x050A,19,6,0x0510,1296,2,1,False,0x0000,0x0000,0x0000
local_xtr,0x050A,19,7,0x0511,1297,2,1,False,0x0026,0x0026,0x0026
local_xtr,0x050A,19,8,0x0512,1298,2,1,False,0x0007,0x0007,0x0007
local_xtr,0x050A,19,9,0x0513,1299,2,1,False,0x0003,0x0003,0x0003
local_xtr,0x050A,19,10,0x0514,1300,2,1,False,0x000A,0x000A,0x000A
local_xtr,0x050A,19,11,0x0515,1301,2,1,False,0x002D,0x002D,0x002D
local_xtr,0x050A,19,12,0x0516,1302,2,1,False,0x0014,0x0014,0x0014
local_xtr,0x050A,19,13,0x0517,1303,2,1,False,0x000A,0x000A,0x000A
local_xtr,0x050A,19,14,0x0518,1304,2,1,False,0x0019,0x0019,0x0019
local_xtr,0x050A,19,15,0x0519,1305,2,1,False,0x003E,0x003E,0x003E
local_xtr,0x050A,19,16,0x051A,1306,2,1,False,0x0050,0x0050,0x0050
local_xtr,0x050A,19,17,0x051B,1307,2,1,False,0x0004,0x0004,0x0004
local_xtr,0x050A,19,18,0x051C,1308,2,1,False,0x0000,0x0000,0x0000
genuine_eco5_online,0x050A,19,0,0x050A,1290,6,1,False,0x0000,0x0000,0x0000
genuine_eco5_online,0x050A,19,1,0x050B,1291,6,1,False,0x0000,0x0000,0x0000
genuine_eco5_online,0x050A,19,2,0x050C,1292,6,1,False,0x0000,0x0000,0x0000
genuine_eco5_online,0x050A,19,3,0x050D,1293,6,1,False,0x0000,0x0000,0x0000
genuine_eco5_online,0x050A,19,4,0x050E,1294,6,1,False,0x0000,0x0000,0x0000
genuine_eco5_online,0x050A,19,5,0x050F,1295,6,1,False,0x0000,0x0000,0x0000
genuine_eco5_online,0x050A,19,6,0x0510,1296,6,1,False,0x0000,0x0000,0x0000
genuine_eco5_online,0x050A,19,7,0x0511,1297,6,1,False,0x0000,0x0000,0x0000
genuine_eco5_online,0x050A,19,8,0x0512,1298,6,1,False,0x0000,0x0000,0x0000
genuine_eco5_online,0x050A,19,9,0x0513,1299,6,1,False,0x0000,0x0000,0x0000
genuine_eco5_online,0x050A,19,10,0x0514,1300,6,1,False,0x0000,0x0000,0x0000
genuine_eco5_online,0x050A,19,11,0x0515,1301,6,1,False,0x0000,0x0000,0x0000
genuine_eco5_online,0x050A,19,12,0x0516,1302,6,1,False,0x0000,0x0000,0x0000
genuine_eco5_online,0x050A,19,13,0x0517,1303,6,1,False,0x0000,0x0000,0x0000
genuine_eco5_online,0x050A,19,14,0x0518,1304,6,1,False,0x0000,0x0000,0x0000
genuine_eco5_online,0x050A,19,15,0x0519,1305,6,1,False,0x0000,0x0000,0x0000
genuine_eco5_online,0x050A,19,16,0x051A,1306,6,1,False,0x0000,0x0000,0x0000
genuine_eco5_online,0x050A,19,17,0x051B,1307,6,1,False,0x0000,0x0000,0x0000
genuine_eco5_online,0x050A,19,18,0x051C,1308,6,1,False,0x0000,0x0000,0x0000
local_xtr,0x051E,9,0,0x051E,1310,2,1,False,0x0008,0x0008,0x0008
local_xtr,0x051E,9,1,0x051F,1311,2,1,False,0x0003,0x0003,0x0003
local_xtr,0x051E,9,2,0x0520,1312,2,1,False,0x0046,0x0046,0x0046
local_xtr,0x051E,9,3,0x0521,1313,2,1,False,0x0064,0x0064,0x0064
local_xtr,0x051E,9,4,0x0522,1314,2,1,False,0x001E,0x001E,0x001E
local_xtr,0x051E,9,5,0x0523,1315,2,1,False,0x0037,0x0037,0x0037
local_xtr,0x051E,9,6,0x0524,1316,2,1,False,0x0032,0x0032,0x0032
local_xtr,0x051E,9,7,0x0525,1317,2,1,False,0x0046,0x0046,0x0046
local_xtr,0x051E,9,8,0x0526,1318,2,1,False,0x0064,0x0064,0x0064
genuine_eco5_online,0x051E,10,0,0x051E,1310,6,1,False,0x0000,0x0000,0x0000
genuine_eco5_online,0x051E,10,1,0x051F,1311,6,1,False,0x0000,0x0000,0x0000
genuine_eco5_online,0x051E,10,2,0x0520,1312,6,1,False,0x0000,0x0000,0x0000
genuine_eco5_online,0x051E,10,3,0x0521,1313,6,1,False,0x0000,0x0000,0x0000
genuine_eco5_online,0x051E,10,4,0x0522,1314,6,1,False,0x0000,0x0000,0x0000
genuine_eco5_online,0x051E,10,5,0x0523,1315,6,1,False,0x0000,0x0000,0x0000
genuine_eco5_online,0x051E,10,6,0x0524,1316,6,1,False,0x0000,0x0000,0x0000
genuine_eco5_online,0x051E,10,7,0x0525,1317,6,1,False,0x0000,0x0000,0x0000
genuine_eco5_online,0x051E,10,8,0x0526,1318,6,1,False,0x0000,0x0000,0x0000
genuine_eco5_online,0x051E,10,9,0x0527,1319,6,1,False,0x0000,0x0000,0x0000
local_xtr,0x0532,18,0,0x0532,1330,2,1,False,0x0002,0x0002,0x0002
local_xtr,0x0532,18,1,0x0533,1331,2,1,False,0x0000,0x0000,0x0000
local_xtr,0x0532,18,2,0x0534,1332,2,1,False,0x0000,0x0000,0x0000
local_xtr,0x0532,18,3,0x0535,1333,2,1,False,0x0000,0x0000,0x0000
local_xtr,0x0532,18,4,0x0536,1334,2,1,False,0x0000,0x0000,0x0000
local_xtr,0x0532,18,5,0x0537,1335,2,1,False,0x0001,0x0001,0x0001
local_xtr,0x0532,18,6,0x0538,1336,2,1,False,0x0000,0x0000,0x0000
local_xtr,0x0532,18,7,0x0539,1337,2,1,False,0x0001,0x0001,0x0001
local_xtr,0x0532,18,8,0x053A,1338,2,1,False,0x0000,0x0000,0x0000
local_xtr,0x0532,18,9,0x053B,1339,2,1,False,0x0001,0x0001,0x0001
local_xtr,0x0532,18,10,0x053C,1340,2,1,False,0x0000,0x0000,0x0000
local_xtr,0x0532,18,11,0x053D,1341,2,1,False,0x0001,0x0001,0x0001
local_xtr,0x0532,18,12,0x053E,1342,2,1,False,0x0000,0x0000,0x0000
local_xtr,0x0532,18,13,0x053F,1343,2,1,False,0x0000,0x0000,0x0000
local_xtr,0x0532,18,14,0x0540,1344,2,1,False,0x0000,0x0000,0x0000
local_xtr,0x0532,18,15,0x0541,1345,2,1,False,0x0000,0x0000,0x0000
local_xtr,0x0532,18,16,0x0542,1346,2,1,False,0x0000,0x0000,0x0000
local_xtr,0x0532,18,17,0x0543,1347,2,1,False,0x0000,0x0000,0x0000
genuine_eco5_online,0x0532,18,0,0x0532,1330,18,1,False,0x0002,0x0002,0x0002
genuine_eco5_online,0x0532,18,1,0x0533,1331,18,1,False,0x0000,0x0000,0x0000
genuine_eco5_online,0x0532,18,2,0x0534,1332,18,1,False,0x0000,0x0000,0x0000
genuine_eco5_online,0x0532,18,3,0x0535,1333,18,1,False,0x0000,0x0000,0x0000
genuine_eco5_online,0x0532,18,4,0x0536,1334,18,1,False,0x0000,0x0000,0x0000
genuine_eco5_online,0x0532,18,5,0x0537,1335,18,1,False,0x0001,0x0001,0x0001
genuine_eco5_online,0x0532,18,6,0x0538,1336,18,1,False,0x0000,0x0000,0x0000
genuine_eco5_online,0x0532,18,7,0x0539,1337,18,1,False,0x0001,0x0001,0x0001
genuine_eco5_online,0x0532,18,8,0x053A,1338,18,1,False,0x0001,0x0001,0x0001
genuine_eco5_online,0x0532,18,9,0x053B,1339,18,1,False,0x0000,0x0000,0x0000
genuine_eco5_online,0x0532,18,10,0x053C,1340,18,1,False,0x0000,0x0000,0x0000
genuine_eco5_online,0x0532,18,11,0x053D,1341,18,1,False,0x0000,0x0000,0x0000
genuine_eco5_online,0x0532,18,12,0x053E,1342,18,1,False,0x0000,0x0000,0x0000
genuine_eco5_online,0x0532,18,13,0x053F,1343,18,1,False,0x0000,0x0000,0x0000
genuine_eco5_online,0x0532,18,14,0x0540,1344,18,1,False,0x0000,0x0000,0x0000
genuine_eco5_online,0x0532,18,15,0x0541,1345,18,1,False,0x0000,0x0000,0x0000
genuine_eco5_online,0x0532,18,16,0x0542,1346,18,1,False,0x0000,0x0000,0x0000
genuine_eco5_online,0x0532,18,17,0x0543,1347,18,1,False,0x0000,0x0000,0x0000
local_xtr,0x0546,20,0,0x0546,1350,2,1,False,0x0002,0x0002,0x0002
local_xtr,0x0546,20,1,0x0547,1351,2,1,False,0x0000,0x0000,0x0000
local_xtr,0x0546,20,2,0x0548,1352,2,1,False,0x0002,0x0002,0x0002
local_xtr,0x0546,20,3,0x0549,1353,2,1,False,0x0000,0x0000,0x0000
local_xtr,0x0546,20,4,0x054A,1354,2,1,False,0x0000,0x0000,0x0000
local_xtr,0x0546,20,5,0x054B,1355,2,1,False,0x0000,0x0000,0x0000
local_xtr,0x0546,20,6,0x054C,1356,2,1,False,0x0000,0x0000,0x0000
local_xtr,0x0546,20,7,0x054D,1357,2,1,False,0x0000,0x0000,0x0000
local_xtr,0x0546,20,8,0x054E,1358,2,1,False,0x0000,0x0000,0x0000
local_xtr,0x0546,20,9,0x054F,1359,2,1,False,0x0000,0x0000,0x0000
local_xtr,0x0546,20,10,0x0550,1360,2,1,False,0x0000,0x0000,0x0000
local_xtr,0x0546,20,11,0x0551,1361,2,1,False,0x0000,0x0000,0x0000
local_xtr,0x0546,20,12,0x0552,1362,2,1,False,0x0000,0x0000,0x0000
local_xtr,0x0546,20,13,0x0553,1363,2,1,False,0x0004,0x0004,0x0004
local_xtr,0x0546,20,14,0x0554,1364,2,1,False,0x0000,0x0000,0x0000
local_xtr,0x0546,20,15,0x0555,1365,2,1,False,0x0000,0x0000,0x0000
local_xtr,0x0546,20,16,0x0556,1366,2,1,False,0x0000,0x0000,0x0000
local_xtr,0x0546,20,17,0x0557,1367,2,1,False,0x0000,0x0000,0x0000
local_xtr,0x0546,20,18,0x0558,1368,2,1,False,0x0000,0x0000,0x0000
local_xtr,0x0546,20,19,0x0559,1369,2,1,False,0x0000,0x0000,0x0000
genuine_eco5_online,0x0546,20,0,0x0546,1350,14,1,False,0x0005,0x0005,0x0005
genuine_eco5_online,0x0546,20,1,0x0547,1351,14,1,False,0x0001,0x0001,0x0001
genuine_eco5_online,0x0546,20,2,0x0548,1352,14,1,False,0x0002,0x0002,0x0002
genuine_eco5_online,0x0546,20,3,0x0549,1353,14,1,False,0x0000,0x0000,0x0000
genuine_eco5_online,0x0546,20,4,0x054A,1354,14,1,False,0x0000,0x0000,0x0000
genuine_eco5_online,0x0546,20,5,0x054B,1355,14,1,False,0x0000,0x0000,0x0000
genuine_eco5_online,0x0546,20,6,0x054C,1356,14,1,False,0x0000,0x0000,0x0000
genuine_eco5_online,0x0546,20,7,0x054D,1357,14,1,False,0x0000,0x0000,0x0000
genuine_eco5_online,0x0546,20,8,0x054E,1358,14,1,False,0x0000,0x0000,0x0000
genuine_eco5_online,0x0546,20,9,0x054F,1359,14,1,False,0x0002,0x0002,0x0002
genuine_eco5_online,0x0546,20,10,0x0550,1360,14,1,False,0x0000,0x0000,0x0000
genuine_eco5_online,0x0546,20,11,0x0551,1361,14,1,False,0x0000,0x0000,0x0000
genuine_eco5_online,0x0546,20,12,0x0552,1362,14,1,False,0x0000,0x0000,0x0000
genuine_eco5_online,0x0546,20,13,0x0553,1363,14,1,False,0x0002,0x0002,0x0002
genuine_eco5_online,0x0546,20,14,0x0554,1364,14,1,False,0x0000,0x0000,0x0000
genuine_eco5_online,0x0546,20,15,0x0555,1365,14,1,False,0x0000,0x0000,0x0000
genuine_eco5_online,0x0546,20,16,0x0556,1366,14,1,False,0x0000,0x0000,0x0000
genuine_eco5_online,0x0546,20,17,0x0557,1367,14,1,False,0x0000,0x0000,0x0000
genuine_eco5_online,0x0546,20,18,0x0558,1368,14,1,False,0x0000,0x0000,0x0000
genuine_eco5_online,0x0546,20,19,0x0559,1369,14,1,False,0x0000,0x0000,0x0000
local_xtr,0x055A,33,0,0x055A,1370,2,1,False,0x0000,0x0000,0x0000
local_xtr,0x055A,33,1,0x055B,1371,2,1,False,0x0000,0x0000,0x0000
local_xtr,0x055A,33,2,0x055C,1372,2,1,False,0x0000,0x0000,0x0000
local_xtr,0x055A,33,3,0x055D,1373,2,1,False,0x0001,0x0001,0x0001
local_xtr,0x055A,33,4,0x055E,1374,2,1,False,0x0001,0x0001,0x0001
local_xtr,0x055A,33,5,0x055F,1375,2,1,False,0x000B,0x000B,0x000B
local_xtr,0x055A,33,6,0x0560,1376,2,1,False,0x0000,0x0000,0x0000
local_xtr,0x055A,33,7,0x0561,1377,2,1,False,0x0008,0x0008,0x0008
local_xtr,0x055A,33,8,0x0562,1378,2,1,False,0x0001,0x0001,0x0001
local_xtr,0x055A,33,9,0x0563,1379,2,1,False,0x0001,0x0001,0x0001
local_xtr,0x055A,33,10,0x0564,1380,2,1,False,0x000B,0x000B,0x000B
local_xtr,0x055A,33,11,0x0565,1381,2,1,False,0x0000,0x0000,0x0000
local_xtr,0x055A,33,12,0x0566,1382,2,1,False,0x0000,0x0000,0x0000
local_xtr,0x055A,33,13,0x0567,1383,2,1,False,0x0000,0x0000,0x0000
local_xtr,0x055A,33,14,0x0568,1384,2,1,False,0x0008,0x0008,0x0008
local_xtr,0x055A,33,15,0x0569,1385,2,1,False,0x0001,0x0001,0x0001
local_xtr,0x055A,33,16,0x056A,1386,2,1,False,0x0001,0x0001,0x0001
local_xtr,0x055A,33,17,0x056B,1387,2,1,False,0x000B,0x000B,0x000B
local_xtr,0x055A,33,18,0x056C,1388,2,1,False,0x0000,0x0000,0x0000
local_xtr,0x055A,33,19,0x056D,1389,2,1,False,0x000A,0x000A,0x000A
local_xtr,0x055A,33,20,0x056E,1390,2,1,False,0x0001,0x0001,0x0001
local_xtr,0x055A,33,21,0x056F,1391,2,1,False,0x0001,0x0001,0x0001
local_xtr,0x055A,33,22,0x0570,1392,2,1,False,0x000B,0x000B,0x000B
local_xtr,0x055A,33,23,0x0571,1393,2,1,False,0x0000,0x0000,0x0000
local_xtr,0x055A,33,24,0x0572,1394,2,1,False,0x0000,0x0000,0x0000
local_xtr,0x055A,33,25,0x0573,1395,2,1,False,0x0000,0x0000,0x0000
local_xtr,0x055A,33,26,0x0574,1396,2,1,False,0x000A,0x000A,0x000A
local_xtr,0x055A,33,27,0x0575,1397,2,1,False,0x001F,0x001F,0x001F
local_xtr,0x055A,33,28,0x0576,1398,2,1,False,0x000C,0x000C,0x000C
local_xtr,0x055A,33,29,0x0577,1399,2,1,False,0x0000,0x0000,0x0000
local_xtr,0x055A,33,30,0x0578,1400,2,1,False,0x0000,0x0000,0x0000
local_xtr,0x055A,33,31,0x0579,1401,2,1,False,0x0010,0x0010,0x0010
local_xtr,0x055A,33,32,0x057A,1402,2,1,False,0x001F,0x001F,0x001F
genuine_eco5_online,0x055A,33,0,0x055A,1370,17,1,False,0x0001,0x0001,0x0001
genuine_eco5_online,0x055A,33,1,0x055B,1371,17,1,False,0x0000,0x0000,0x0000
genuine_eco5_online,0x055A,33,2,0x055C,1372,17,1,False,0x0000,0x0000,0x0000
genuine_eco5_online,0x055A,33,3,0x055D,1373,17,1,False,0x001F,0x001F,0x001F
genuine_eco5_online,0x055A,33,4,0x055E,1374,17,1,False,0x000C,0x000C,0x000C
genuine_eco5_online,0x055A,33,5,0x055F,1375,17,1,False,0x0000,0x0000,0x0000
genuine_eco5_online,0x055A,33,6,0x0560,1376,17,1,False,0x0000,0x0000,0x0000
genuine_eco5_online,0x055A,33,7,0x0561,1377,17,1,False,0x0000,0x0000,0x0000
genuine_eco5_online,0x055A,33,8,0x0562,1378,17,1,False,0x001F,0x001F,0x001F
genuine_eco5_online,0x055A,33,9,0x0563,1379,17,1,False,0x000C,0x000C,0x000C
genuine_eco5_online,0x055A,33,10,0x0564,1380,17,1,False,0x0000,0x0000,0x0000
genuine_eco5_online,0x055A,33,11,0x0565,1381,17,1,False,0x007F,0x007F,0x007F
genuine_eco5_online,0x055A,33,12,0x0566,1382,17,1,False,0x0001,0x0001,0x0001
genuine_eco5_online,0x055A,33,13,0x0567,1383,17,1,False,0x0000,0x0000,0x0000
genuine_eco5_online,0x055A,33,14,0x0568,1384,17,1,False,0x0015,0x0015,0x0015
genuine_eco5_online,0x055A,33,15,0x0569,1385,17,1,False,0x001F,0x001F,0x001F
genuine_eco5_online,0x055A,33,16,0x056A,1386,17,1,False,0x000C,0x000C,0x000C
genuine_eco5_online,0x055A,33,17,0x056B,1387,17,1,False,0x0000,0x0000,0x0000
genuine_eco5_online,0x055A,33,18,0x056C,1388,17,1,False,0x003B,0x003B,0x003B
genuine_eco5_online,0x055A,33,19,0x056D,1389,17,1,False,0x0017,0x0017,0x0017
genuine_eco5_online,0x055A,33,20,0x056E,1390,17,1,False,0x001F,0x001F,0x001F
genuine_eco5_online,0x055A,33,21,0x056F,1391,17,1,False,0x000C,0x000C,0x000C
genuine_eco5_online,0x055A,33,22,0x0570,1392,17,1,False,0x0000,0x0000,0x0000
genuine_eco5_online,0x055A,33,23,0x0571,1393,17,1,False,0x007F,0x007F,0x007F
genuine_eco5_online,0x055A,33,24,0x0572,1394,17,1,False,0x0000,0x0000,0x0000
genuine_eco5_online,0x055A,33,25,0x0573,1395,17,1,False,0x0000,0x0000,0x0000
genuine_eco5_online,0x055A,33,26,0x0574,1396,17,1,False,0x0000,0x0000,0x0000
genuine_eco5_online,0x055A,33,27,0x0575,1397,17,1,False,0x001F,0x001F,0x001F
genuine_eco5_online,0x055A,33,28,0x0576,1398,17,1,False,0x000C,0x000C,0x000C
genuine_eco5_online,0x055A,33,29,0x0577,1399,17,1,False,0x0000,0x0000,0x0000
genuine_eco5_online,0x055A,33,30,0x0578,1400,17,1,False,0x0000,0x0000,0x0000
genuine_eco5_online,0x055A,33,31,0x0579,1401,17,1,False,0x0000,0x0000,0x0000
genuine_eco5_online,0x055A,33,32,0x057A,1402,17,1,False,0x001F,0x001F,0x001F
local_xtr,0x057B,33,0,0x057B,1403,2,1,False,0x000C,0x000C,0x000C
local_xtr,0x057B,33,1,0x057C,1404,2,1,False,0x0000,0x0000,0x0000
local_xtr,0x057B,33,2,0x057D,1405,2,1,False,0x0000,0x0000,0x0000
local_xtr,0x057B,33,3,0x057E,1406,2,1,False,0x0000,0x0000,0x0000
local_xtr,0x057B,33,4,0x057F,1407,2,1,False,0x0000,0x0000,0x0000
local_xtr,0x057B,33,5,0x0580,1408,2,1,False,0x0012,0x0012,0x0012
local_xtr,0x057B,33,6,0x0581,1409,2,1,False,0x001F,0x001F,0x001F
local_xtr,0x057B,33,7,0x0582,1410,2,1,False,0x000C,0x000C,0x000C
local_xtr,0x057B,33,8,0x0583,1411,2,1,False,0x0000,0x0000,0x0000
local_xtr,0x057B,33,9,0x0584,1412,2,1,False,0x001E,0x001E,0x001E
local_xtr,0x057B,33,10,0x0585,1413,2,1,False,0x0016,0x0016,0x0016
local_xtr,0x057B,33,11,0x0586,1414,2,1,False,0x001F,0x001F,0x001F
local_xtr,0x057B,33,12,0x0587,1415,2,1,False,0x000C,0x000C,0x000C
local_xtr,0x057B,33,13,0x0588,1416,2,1,False,0x0000,0x0000,0x0000
local_xtr,0x057B,33,14,0x0589,1417,2,1,False,0x0000,0x0000,0x0000
local_xtr,0x057B,33,15,0x058A,1418,2,1,False,0x0000,0x0000,0x0000
local_xtr,0x057B,33,16,0x058B,1419,2,1,False,0x0000,0x0000,0x0000
local_xtr,0x057B,33,17,0x058C,1420,2,1,False,0x0016,0x0016,0x0016
local_xtr,0x057B,33,18,0x058D,1421,2,1,False,0x001F,0x001F,0x001F
local_xtr,0x057B,33,19,0x058E,1422,2,1,False,0x000C,0x000C,0x000C
local_xtr,0x057B,33,20,0x058F,1423,2,1,False,0x0000,0x0000,0x0000
local_xtr,0x057B,33,21,0x0590,1424,2,1,False,0x003B,0x003B,0x003B
local_xtr,0x057B,33,22,0x0591,1425,2,1,False,0x0017,0x0017,0x0017
local_xtr,0x057B,33,23,0x0592,1426,2,1,False,0x001F,0x001F,0x001F
local_xtr,0x057B,33,24,0x0593,1427,2,1,False,0x000C,0x000C,0x000C
local_xtr,0x057B,33,25,0x0594,1428,2,1,False,0x0000,0x0000,0x0000
local_xtr,0x057B,33,26,0x0595,1429,2,1,False,0x0000,0x0000,0x0000
local_xtr,0x057B,33,27,0x0596,1430,2,1,False,0x0000,0x0000,0x0000
local_xtr,0x057B,33,28,0x0597,1431,2,1,False,0x0000,0x0000,0x0000
local_xtr,0x057B,33,29,0x0598,1432,2,1,False,0x0000,0x0000,0x0000
local_xtr,0x057B,33,30,0x0599,1433,2,1,False,0x001F,0x001F,0x001F
local_xtr,0x057B,33,31,0x059A,1434,2,1,False,0x000C,0x000C,0x000C
local_xtr,0x057B,33,32,0x059B,1435,2,1,False,0x0000,0x0000,0x0000
genuine_eco5_online,0x057B,33,0,0x057B,1403,14,1,False,0x000C,0x000C,0x000C
genuine_eco5_online,0x057B,33,1,0x057C,1404,14,1,False,0x0000,0x0000,0x0000
genuine_eco5_online,0x057B,33,2,0x057D,1405,14,1,False,0x0000,0x0000,0x0000
genuine_eco5_online,0x057B,33,3,0x057E,1406,14,1,False,0x0000,0x0000,0x0000
genuine_eco5_online,0x057B,33,4,0x057F,1407,14,1,False,0x0000,0x0000,0x0000
genuine_eco5_online,0x057B,33,5,0x0580,1408,14,1,False,0x0000,0x0000,0x0000
genuine_eco5_online,0x057B,33,6,0x0581,1409,14,1,False,0x001F,0x001F,0x001F
genuine_eco5_online,0x057B,33,7,0x0582,1410,14,1,False,0x000C,0x000C,0x000C
genuine_eco5_online,0x057B,33,8,0x0583,1411,14,1,False,0x0000,0x0000,0x0000
genuine_eco5_online,0x057B,33,9,0x0584,1412,14,1,False,0x0000,0x0000,0x0000
genuine_eco5_online,0x057B,33,10,0x0585,1413,14,1,False,0x0000,0x0000,0x0000
genuine_eco5_online,0x057B,33,11,0x0586,1414,14,1,False,0x001F,0x001F,0x001F
genuine_eco5_online,0x057B,33,12,0x0587,1415,14,1,False,0x000C,0x000C,0x000C
genuine_eco5_online,0x057B,33,13,0x0588,1416,14,1,False,0x0000,0x0000,0x0000
genuine_eco5_online,0x057B,33,14,0x0589,1417,14,1,False,0x0000,0x0000,0x0000
genuine_eco5_online,0x057B,33,15,0x058A,1418,14,1,False,0x0000,0x0000,0x0000
genuine_eco5_online,0x057B,33,16,0x058B,1419,14,1,False,0x0000,0x0000,0x0000
genuine_eco5_online,0x057B,33,17,0x058C,1420,14,1,False,0x0000,0x0000,0x0000
genuine_eco5_online,0x057B,33,18,0x058D,1421,14,1,False,0x001F,0x001F,0x001F
genuine_eco5_online,0x057B,33,19,0x058E,1422,14,1,False,0x000C,0x000C,0x000C
genuine_eco5_online,0x057B,33,20,0x058F,1423,14,1,False,0x0000,0x0000,0x0000
genuine_eco5_online,0x057B,33,21,0x0590,1424,14,1,False,0x0000,0x0000,0x0000
genuine_eco5_online,0x057B,33,22,0x0591,1425,14,1,False,0x0000,0x0000,0x0000
genuine_eco5_online,0x057B,33,23,0x0592,1426,14,1,False,0x001F,0x001F,0x001F
genuine_eco5_online,0x057B,33,24,0x0593,1427,14,1,False,0x000C,0x000C,0x000C
genuine_eco5_online,0x057B,33,25,0x0594,1428,14,1,False,0x0000,0x0000,0x0000
genuine_eco5_online,0x057B,33,26,0x0595,1429,14,1,False,0x0000,0x0000,0x0000
genuine_eco5_online,0x057B,33,27,0x0596,1430,14,1,False,0x0000,0x0000,0x0000
genuine_eco5_online,0x057B,33,28,0x0597,1431,14,1,False,0x0000,0x0000,0x0000
genuine_eco5_online,0x057B,33,29,0x0598,1432,14,1,False,0x0000,0x0000,0x0000
genuine_eco5_online,0x057B,33,30,0x0599,1433,14,1,False,0x001F,0x001F,0x001F
genuine_eco5_online,0x057B,33,31,0x059A,1434,14,1,False,0x000C,0x000C,0x000C
genuine_eco5_online,0x057B,33,32,0x059B,1435,14,1,False,0x0000,0x0000,0x0000
local_xtr,0x059C,33,0,0x059C,1436,2,1,False,0x001E,0x001E,0x001E
local_xtr,0x059C,33,1,0x059D,1437,2,1,False,0x0005,0x0005,0x0005
local_xtr,0x059C,33,2,0x059E,1438,2,1,False,0x001F,0x001F,0x001F
local_xtr,0x059C,33,3,0x059F,1439,2,1,False,0x000C,0x000C,0x000C
local_xtr,0x059C,33,4,0x05A0,1440,2,1,False,0x0000,0x0000,0x0000
local_xtr,0x059C,33,5,0x05A1,1441,2,1,False,0x0000,0x0000,0x0000
local_xtr,0x059C,33,6,0x05A2,1442,2,1,False,0x0000,0x0000,0x0000
local_xtr,0x059C,33,7,0x05A3,1443,2,1,False,0x0000,0x0000,0x0000
local_xtr,0x059C,33,8,0x05A4,1444,2,1,False,0x0000,0x0000,0x0000
local_xtr,0x059C,33,9,0x05A5,1445,2,1,False,0x001F,0x001F,0x001F
local_xtr,0x059C,33,10,0x05A6,1446,2,1,False,0x000C,0x000C,0x000C
local_xtr,0x059C,33,11,0x05A7,1447,2,1,False,0x0000,0x0000,0x0000
local_xtr,0x059C,33,12,0x05A8,1448,2,1,False,0x0000,0x0000,0x0000
local_xtr,0x059C,33,13,0x05A9,1449,2,1,False,0x0000,0x0000,0x0000
local_xtr,0x059C,33,14,0x05AA,1450,2,1,False,0x001F,0x001F,0x001F
local_xtr,0x059C,33,15,0x05AB,1451,2,1,False,0x000C,0x000C,0x000C
local_xtr,0x059C,33,16,0x05AC,1452,2,1,False,0x0000,0x0000,0x0000
local_xtr,0x059C,33,17,0x05AD,1453,2,1,False,0x0000,0x0000,0x0000
local_xtr,0x059C,33,18,0x05AE,1454,2,1,False,0x0000,0x0000,0x0000
local_xtr,0x059C,33,19,0x05AF,1455,2,1,False,0x0000,0x0000,0x0000
local_xtr,0x059C,33,20,0x05B0,1456,2,1,False,0x0000,0x0000,0x0000
local_xtr,0x059C,33,21,0x05B1,1457,2,1,False,0x001F,0x001F,0x001F
local_xtr,0x059C,33,22,0x05B2,1458,2,1,False,0x000C,0x000C,0x000C
local_xtr,0x059C,33,23,0x05B3,1459,2,1,False,0x0000,0x0000,0x0000
local_xtr,0x059C,33,24,0x05B4,1460,2,1,False,0x0000,0x0000,0x0000
local_xtr,0x059C,33,25,0x05B5,1461,2,1,False,0x0000,0x0000,0x0000
local_xtr,0x059C,33,26,0x05B6,1462,2,1,False,0x001F,0x001F,0x001F
local_xtr,0x059C,33,27,0x05B7,1463,2,1,False,0x000C,0x000C,0x000C
local_xtr,0x059C,33,28,0x05B8,1464,2,1,False,0x0000,0x0000,0x0000
local_xtr,0x059C,33,29,0x05B9,1465,2,1,False,0x0000,0x0000,0x0000
local_xtr,0x059C,33,30,0x05BA,1466,2,1,False,0x003F,0x003F,0x003F
local_xtr,0x059C,33,31,0x05BB,1467,2,1,False,0x0000,0x0000,0x0000
local_xtr,0x059C,33,32,0x05BC,1468,2,1,False,0x0000,0x0000,0x0000
genuine_eco5_online,0x059C,33,0,0x059C,1436,15,1,False,0x0000,0x0000,0x0000
genuine_eco5_online,0x059C,33,1,0x059D,1437,15,1,False,0x0000,0x0000,0x0000
genuine_eco5_online,0x059C,33,2,0x059E,1438,15,1,False,0x001F,0x001F,0x001F
genuine_eco5_online,0x059C,33,3,0x059F,1439,15,1,False,0x000C,0x000C,0x000C
genuine_eco5_online,0x059C,33,4,0x05A0,1440,15,1,False,0x0000,0x0000,0x0000
genuine_eco5_online,0x059C,33,5,0x05A1,1441,15,1,False,0x0000,0x0000,0x0000
genuine_eco5_online,0x059C,33,6,0x05A2,1442,15,1,False,0x0000,0x0000,0x0000
genuine_eco5_online,0x059C,33,7,0x05A3,1443,15,1,False,0x0000,0x0000,0x0000
genuine_eco5_online,0x059C,33,8,0x05A4,1444,15,1,False,0x0000,0x0000,0x0000
genuine_eco5_online,0x059C,33,9,0x05A5,1445,15,1,False,0x001F,0x001F,0x001F
genuine_eco5_online,0x059C,33,10,0x05A6,1446,15,1,False,0x000C,0x000C,0x000C
genuine_eco5_online,0x059C,33,11,0x05A7,1447,15,1,False,0x0000,0x0000,0x0000
genuine_eco5_online,0x059C,33,12,0x05A8,1448,15,1,False,0x0000,0x0000,0x0000
genuine_eco5_online,0x059C,33,13,0x05A9,1449,15,1,False,0x0000,0x0000,0x0000
genuine_eco5_online,0x059C,33,14,0x05AA,1450,15,1,False,0x001F,0x001F,0x001F
genuine_eco5_online,0x059C,33,15,0x05AB,1451,15,1,False,0x000C,0x000C,0x000C
genuine_eco5_online,0x059C,33,16,0x05AC,1452,15,1,False,0x0000,0x0000,0x0000
genuine_eco5_online,0x059C,33,17,0x05AD,1453,15,1,False,0x0000,0x0000,0x0000
genuine_eco5_online,0x059C,33,18,0x05AE,1454,15,1,False,0x0000,0x0000,0x0000
genuine_eco5_online,0x059C,33,19,0x05AF,1455,15,1,False,0x0000,0x0000,0x0000
genuine_eco5_online,0x059C,33,20,0x05B0,1456,15,1,False,0x0000,0x0000,0x0000
genuine_eco5_online,0x059C,33,21,0x05B1,1457,15,1,False,0x001F,0x001F,0x001F
genuine_eco5_online,0x059C,33,22,0x05B2,1458,15,1,False,0x000C,0x000C,0x000C
genuine_eco5_online,0x059C,33,23,0x05B3,1459,15,1,False,0x0000,0x0000,0x0000
genuine_eco5_online,0x059C,33,24,0x05B4,1460,15,1,False,0x0000,0x0000,0x0000
genuine_eco5_online,0x059C,33,25,0x05B5,1461,15,1,False,0x0000,0x0000,0x0000
genuine_eco5_online,0x059C,33,26,0x05B6,1462,15,1,False,0x001F,0x001F,0x001F
genuine_eco5_online,0x059C,33,27,0x05B7,1463,15,1,False,0x000C,0x000C,0x000C
genuine_eco5_online,0x059C,33,28,0x05B8,1464,15,1,False,0x0000,0x0000,0x0000
genuine_eco5_online,0x059C,33,29,0x05B9,1465,15,1,False,0x0000,0x0000,0x0000
genuine_eco5_online,0x059C,33,30,0x05BA,1466,15,1,False,0x0003,0x0003,0x0003
genuine_eco5_online,0x059C,33,31,0x05BB,1467,15,1,False,0x0000,0x0000,0x0000
genuine_eco5_online,0x059C,33,32,0x05BC,1468,15,1,False,0x0000,0x0000,0x0000
local_xtr,0x05BD,33,0,0x05BD,1469,2,1,False,0x0000,0x0000,0x0000
local_xtr,0x05BD,33,1,0x05BE,1470,2,1,False,0x0000,0x0000,0x0000
local_xtr,0x05BD,33,2,0x05BF,1471,2,1,False,0x001F,0x001F,0x001F
local_xtr,0x05BD,33,3,0x05C0,1472,2,1,False,0x000C,0x000C,0x000C
local_xtr,0x05BD,33,4,0x05C1,1473,2,1,False,0x0000,0x0000,0x0000
local_xtr,0x05BD,33,5,0x05C2,1474,2,1,False,0x0000,0x0000,0x0000
local_xtr,0x05BD,33,6,0x05C3,1475,2,1,False,0x0000,0x0000,0x0000
local_xtr,0x05BD,33,7,0x05C4,1476,2,1,False,0x001F,0x001F,0x001F
local_xtr,0x05BD,33,8,0x05C5,1477,2,1,False,0x000C,0x000C,0x000C
local_xtr,0x05BD,33,9,0x05C6,1478,2,1,False,0x0000,0x0000,0x0000
local_xtr,0x05BD,33,10,0x05C7,1479,2,1,False,0x0000,0x0000,0x0000
local_xtr,0x05BD,33,11,0x05C8,1480,2,1,False,0x0000,0x0000,0x0000
local_xtr,0x05BD,33,12,0x05C9,1481,2,1,False,0x0000,0x0000,0x0000
local_xtr,0x05BD,33,13,0x05CA,1482,2,1,False,0x0000,0x0000,0x0000
local_xtr,0x05BD,33,14,0x05CB,1483,2,1,False,0x001F,0x001F,0x001F
local_xtr,0x05BD,33,15,0x05CC,1484,2,1,False,0x000C,0x000C,0x000C
local_xtr,0x05BD,33,16,0x05CD,1485,2,1,False,0x0000,0x0000,0x0000
local_xtr,0x05BD,33,17,0x05CE,1486,2,1,False,0x0000,0x0000,0x0000
local_xtr,0x05BD,33,18,0x05CF,1487,2,1,False,0x0000,0x0000,0x0000
local_xtr,0x05BD,33,19,0x05D0,1488,2,1,False,0x001F,0x001F,0x001F
local_xtr,0x05BD,33,20,0x05D1,1489,2,1,False,0x000C,0x000C,0x000C
local_xtr,0x05BD,33,21,0x05D2,1490,2,1,False,0x0000,0x0000,0x0000
local_xtr,0x05BD,33,22,0x05D3,1491,2,1,False,0x0000,0x0000,0x0000
local_xtr,0x05BD,33,23,0x05D4,1492,2,1,False,0x0000,0x0000,0x0000
local_xtr,0x05BD,33,24,0x05D5,1493,2,1,False,0x0000,0x0000,0x0000
local_xtr,0x05BD,33,25,0x05D6,1494,2,1,False,0x0000,0x0000,0x0000
local_xtr,0x05BD,33,26,0x05D7,1495,2,1,False,0x001F,0x001F,0x001F
local_xtr,0x05BD,33,27,0x05D8,1496,2,1,False,0x000C,0x000C,0x000C
local_xtr,0x05BD,33,28,0x05D9,1497,2,1,False,0x0000,0x0000,0x0000
local_xtr,0x05BD,33,29,0x05DA,1498,2,1,False,0x0000,0x0000,0x0000
local_xtr,0x05BD,33,30,0x05DB,1499,2,1,False,0x0000,0x0000,0x0000
local_xtr,0x05BD,33,31,0x05DC,1500,2,1,False,0x001F,0x001F,0x001F
local_xtr,0x05BD,33,32,0x05DD,1501,2,1,False,0x000C,0x000C,0x000C
genuine_eco5_online,0x05BD,33,0,0x05BD,1469,14,1,False,0x0000,0x0000,0x0000
genuine_eco5_online,0x05BD,33,1,0x05BE,1470,14,1,False,0x0000,0x0000,0x0000
genuine_eco5_online,0x05BD,33,2,0x05BF,1471,14,1,False,0x001F,0x001F,0x001F
genuine_eco5_online,0x05BD,33,3,0x05C0,1472,14,1,False,0x000C,0x000C,0x000C
genuine_eco5_online,0x05BD,33,4,0x05C1,1473,14,1,False,0x0000,0x0000,0x0000
genuine_eco5_online,0x05BD,33,5,0x05C2,1474,14,1,False,0x0000,0x0000,0x0000
genuine_eco5_online,0x05BD,33,6,0x05C3,1475,14,1,False,0x0000,0x0000,0x0000
genuine_eco5_online,0x05BD,33,7,0x05C4,1476,14,1,False,0x001F,0x001F,0x001F
genuine_eco5_online,0x05BD,33,8,0x05C5,1477,14,1,False,0x000C,0x000C,0x000C
genuine_eco5_online,0x05BD,33,9,0x05C6,1478,14,1,False,0x0000,0x0000,0x0000
genuine_eco5_online,0x05BD,33,10,0x05C7,1479,14,1,False,0x0000,0x0000,0x0000
genuine_eco5_online,0x05BD,33,11,0x05C8,1480,14,1,False,0x0000,0x0000,0x0000
genuine_eco5_online,0x05BD,33,12,0x05C9,1481,14,1,False,0x0000,0x0000,0x0000
genuine_eco5_online,0x05BD,33,13,0x05CA,1482,14,1,False,0x0000,0x0000,0x0000
genuine_eco5_online,0x05BD,33,14,0x05CB,1483,14,1,False,0x001F,0x001F,0x001F
genuine_eco5_online,0x05BD,33,15,0x05CC,1484,14,1,False,0x000C,0x000C,0x000C
genuine_eco5_online,0x05BD,33,16,0x05CD,1485,14,1,False,0x0000,0x0000,0x0000
genuine_eco5_online,0x05BD,33,17,0x05CE,1486,14,1,False,0x0000,0x0000,0x0000
genuine_eco5_online,0x05BD,33,18,0x05CF,1487,14,1,False,0x0000,0x0000,0x0000
genuine_eco5_online,0x05BD,33,19,0x05D0,1488,14,1,False,0x001F,0x001F,0x001F
genuine_eco5_online,0x05BD,33,20,0x05D1,1489,14,1,False,0x000C,0x000C,0x000C
genuine_eco5_online,0x05BD,33,21,0x05D2,1490,14,1,False,0x0000,0x0000,0x0000
genuine_eco5_online,0x05BD,33,22,0x05D3,1491,14,1,False,0x0000,0x0000,0x0000
genuine_eco5_online,0x05BD,33,23,0x05D4,1492,14,1,False,0x0000,0x0000,0x0000
genuine_eco5_online,0x05BD,33,24,0x05D5,1493,14,1,False,0x0000,0x0000,0x0000
genuine_eco5_online,0x05BD,33,25,0x05D6,1494,14,1,False,0x0000,0x0000,0x0000
genuine_eco5_online,0x05BD,33,26,0x05D7,1495,14,1,False,0x001F,0x001F,0x001F
genuine_eco5_online,0x05BD,33,27,0x05D8,1496,14,1,False,0x000C,0x000C,0x000C
genuine_eco5_online,0x05BD,33,28,0x05D9,1497,14,1,False,0x0000,0x0000,0x0000
genuine_eco5_online,0x05BD,33,29,0x05DA,1498,14,1,False,0x0000,0x0000,0x0000
genuine_eco5_online,0x05BD,33,30,0x05DB,1499,14,1,False,0x0000,0x0000,0x0000
genuine_eco5_online,0x05BD,33,31,0x05DC,1500,14,1,False,0x001F,0x001F,0x001F
genuine_eco5_online,0x05BD,33,32,0x05DD,1501,14,1,False,0x000C,0x000C,0x000C
local_xtr,0x05DE,33,0,0x05DE,1502,2,1,False,0x0000,0x0000,0x0000
local_xtr,0x05DE,33,1,0x05DF,1503,2,1,False,0x0000,0x0000,0x0000
local_xtr,0x05DE,33,2,0x05E0,1504,2,1,False,0x0000,0x0000,0x0000
local_xtr,0x05DE,33,3,0x05E1,1505,2,1,False,0x0000,0x0000,0x0000
local_xtr,0x05DE,33,4,0x05E2,1506,2,1,False,0x0000,0x0000,0x0000
local_xtr,0x05DE,33,5,0x05E3,1507,2,1,False,0x001F,0x001F,0x001F
local_xtr,0x05DE,33,6,0x05E4,1508,2,1,False,0x000C,0x000C,0x000C
local_xtr,0x05DE,33,7,0x05E5,1509,2,1,False,0x0000,0x0000,0x0000
local_xtr,0x05DE,33,8,0x05E6,1510,2,1,False,0x0000,0x0000,0x0000
local_xtr,0x05DE,33,9,0x05E7,1511,2,1,False,0x0000,0x0000,0x0000
local_xtr,0x05DE,33,10,0x05E8,1512,2,1,False,0x001F,0x001F,0x001F
local_xtr,0x05DE,33,11,0x05E9,1513,2,1,False,0x000C,0x000C,0x000C
local_xtr,0x05DE,33,12,0x05EA,1514,2,1,False,0x0000,0x0000,0x0000
local_xtr,0x05DE,33,13,0x05EB,1515,2,1,False,0x0000,0x0000,0x0000
local_xtr,0x05DE,33,14,0x05EC,1516,2,1,False,0x0000,0x0000,0x0000
local_xtr,0x05DE,33,15,0x05ED,1517,2,1,False,0x0000,0x0000,0x0000
local_xtr,0x05DE,33,16,0x05EE,1518,2,1,False,0x0000,0x0000,0x0000
local_xtr,0x05DE,33,17,0x05EF,1519,2,1,False,0x001F,0x001F,0x001F
local_xtr,0x05DE,33,18,0x05F0,1520,2,1,False,0x000C,0x000C,0x000C
local_xtr,0x05DE,33,19,0x05F1,1521,2,1,False,0x0000,0x0000,0x0000
local_xtr,0x05DE,33,20,0x05F2,1522,2,1,False,0x0000,0x0000,0x0000
local_xtr,0x05DE,33,21,0x05F3,1523,2,1,False,0x0000,0x0000,0x0000
local_xtr,0x05DE,33,22,0x05F4,1524,2,1,False,0x001F,0x001F,0x001F
local_xtr,0x05DE,33,23,0x05F5,1525,2,1,False,0x000C,0x000C,0x000C
local_xtr,0x05DE,33,24,0x05F6,1526,2,1,False,0x0000,0x0000,0x0000
local_xtr,0x05DE,33,25,0x05F7,1527,2,1,False,0x0000,0x0000,0x0000
local_xtr,0x05DE,33,26,0x05F8,1528,2,1,False,0x0000,0x0000,0x0000
local_xtr,0x05DE,33,27,0x05F9,1529,2,1,False,0x0000,0x0000,0x0000
local_xtr,0x05DE,33,28,0x05FA,1530,2,1,False,0x0000,0x0000,0x0000
local_xtr,0x05DE,33,29,0x05FB,1531,2,1,False,0x001F,0x001F,0x001F
local_xtr,0x05DE,33,30,0x05FC,1532,2,1,False,0x000C,0x000C,0x000C
local_xtr,0x05DE,33,31,0x05FD,1533,2,1,False,0x0000,0x0000,0x0000
local_xtr,0x05DE,33,32,0x05FE,1534,2,1,False,0x0000,0x0000,0x0000
genuine_eco5_online,0x05DE,33,0,0x05DE,1502,14,1,False,0x0000,0x0000,0x0000
genuine_eco5_online,0x05DE,33,1,0x05DF,1503,14,1,False,0x0000,0x0000,0x0000
genuine_eco5_online,0x05DE,33,2,0x05E0,1504,14,1,False,0x0000,0x0000,0x0000
genuine_eco5_online,0x05DE,33,3,0x05E1,1505,14,1,False,0x0000,0x0000,0x0000
genuine_eco5_online,0x05DE,33,4,0x05E2,1506,14,1,False,0x0000,0x0000,0x0000
genuine_eco5_online,0x05DE,33,5,0x05E3,1507,14,1,False,0x001F,0x001F,0x001F
genuine_eco5_online,0x05DE,33,6,0x05E4,1508,14,1,False,0x000C,0x000C,0x000C
genuine_eco5_online,0x05DE,33,7,0x05E5,1509,14,1,False,0x0000,0x0000,0x0000
genuine_eco5_online,0x05DE,33,8,0x05E6,1510,14,1,False,0x0000,0x0000,0x0000
genuine_eco5_online,0x05DE,33,9,0x05E7,1511,14,1,False,0x0000,0x0000,0x0000
genuine_eco5_online,0x05DE,33,10,0x05E8,1512,14,1,False,0x001F,0x001F,0x001F
genuine_eco5_online,0x05DE,33,11,0x05E9,1513,14,1,False,0x000C,0x000C,0x000C
genuine_eco5_online,0x05DE,33,12,0x05EA,1514,14,1,False,0x0000,0x0000,0x0000
genuine_eco5_online,0x05DE,33,13,0x05EB,1515,14,1,False,0x0000,0x0000,0x0000
genuine_eco5_online,0x05DE,33,14,0x05EC,1516,14,1,False,0x0000,0x0000,0x0000
genuine_eco5_online,0x05DE,33,15,0x05ED,1517,14,1,False,0x0000,0x0000,0x0000
genuine_eco5_online,0x05DE,33,16,0x05EE,1518,14,1,False,0x0000,0x0000,0x0000
genuine_eco5_online,0x05DE,33,17,0x05EF,1519,14,1,False,0x001F,0x001F,0x001F
genuine_eco5_online,0x05DE,33,18,0x05F0,1520,14,1,False,0x000C,0x000C,0x000C
genuine_eco5_online,0x05DE,33,19,0x05F1,1521,14,1,False,0x0000,0x0000,0x0000
genuine_eco5_online,0x05DE,33,20,0x05F2,1522,14,1,False,0x0000,0x0000,0x0000
genuine_eco5_online,0x05DE,33,21,0x05F3,1523,14,1,False,0x0000,0x0000,0x0000
genuine_eco5_online,0x05DE,33,22,0x05F4,1524,14,1,False,0x001F,0x001F,0x001F
genuine_eco5_online,0x05DE,33,23,0x05F5,1525,14,1,False,0x000C,0x000C,0x000C
genuine_eco5_online,0x05DE,33,24,0x05F6,1526,14,1,False,0x0000,0x0000,0x0000
genuine_eco5_online,0x05DE,33,25,0x05F7,1527,14,1,False,0x0000,0x0000,0x0000
genuine_eco5_online,0x05DE,33,26,0x05F8,1528,14,1,False,0x0000,0x0000,0x0000
genuine_eco5_online,0x05DE,33,27,0x05F9,1529,14,1,False,0x0000,0x0000,0x0000
genuine_eco5_online,0x05DE,33,28,0x05FA,1530,14,1,False,0x0000,0x0000,0x0000
genuine_eco5_online,0x05DE,33,29,0x05FB,1531,14,1,False,0x001F,0x001F,0x001F
genuine_eco5_online,0x05DE,33,30,0x05FC,1532,14,1,False,0x000C,0x000C,0x000C
genuine_eco5_online,0x05DE,33,31,0x05FD,1533,14,1,False,0x0000,0x0000,0x0000
genuine_eco5_online,0x05DE,33,32,0x05FE,1534,14,1,False,0x0000,0x0000,0x0000
local_xtr,0x05FF,33,0,0x05FF,1535,2,1,False,0x0000,0x0000,0x0000
local_xtr,0x05FF,33,1,0x0600,1536,2,1,False,0x001F,0x001F,0x001F
local_xtr,0x05FF,33,2,0x0601,1537,2,1,False,0x000C,0x000C,0x000C
local_xtr,0x05FF,33,3,0x0602,1538,2,1,False,0x0000,0x0000,0x0000
local_xtr,0x05FF,33,4,0x0603,1539,2,1,False,0x0000,0x0000,0x0000
local_xtr,0x05FF,33,5,0x0604,1540,2,1,False,0x0000,0x0000,0x0000
local_xtr,0x05FF,33,6,0x0605,1541,2,1,False,0x0000,0x0000,0x0000
local_xtr,0x05FF,33,7,0x0606,1542,2,1,False,0x0000,0x0000,0x0000
local_xtr,0x05FF,33,8,0x0607,1543,2,1,False,0x001F,0x001F,0x001F
local_xtr,0x05FF,33,9,0x0608,1544,2,1,False,0x000C,0x000C,0x000C
local_xtr,0x05FF,33,10,0x0609,1545,2,1,False,0x0000,0x0000,0x0000
local_xtr,0x05FF,33,11,0x060A,1546,2,1,False,0x0000,0x0000,0x0000
local_xtr,0x05FF,33,12,0x060B,1547,2,1,False,0x0000,0x0000,0x0000
local_xtr,0x05FF,33,13,0x060C,1548,2,1,False,0x001F,0x001F,0x001F
local_xtr,0x05FF,33,14,0x060D,1549,2,1,False,0x000C,0x000C,0x000C
local_xtr,0x05FF,33,15,0x060E,1550,2,1,False,0x0000,0x0000,0x0000
local_xtr,0x05FF,33,16,0x060F,1551,2,1,False,0x0000,0x0000,0x0000
local_xtr,0x05FF,33,17,0x0610,1552,2,1,False,0x0000,0x0000,0x0000
local_xtr,0x05FF,33,18,0x0611,1553,2,1,False,0x0000,0x0000,0x0000
local_xtr,0x05FF,33,19,0x0612,1554,2,1,False,0x0000,0x0000,0x0000
local_xtr,0x05FF,33,20,0x0613,1555,2,1,False,0x001F,0x001F,0x001F
local_xtr,0x05FF,33,21,0x0614,1556,2,1,False,0x000C,0x000C,0x000C
local_xtr,0x05FF,33,22,0x0615,1557,2,1,False,0x0000,0x0000,0x0000
local_xtr,0x05FF,33,23,0x0616,1558,2,1,False,0x0000,0x0000,0x0000
local_xtr,0x05FF,33,24,0x0617,1559,2,1,False,0x0000,0x0000,0x0000
local_xtr,0x05FF,33,25,0x0618,1560,2,1,False,0x001F,0x001F,0x001F
local_xtr,0x05FF,33,26,0x0619,1561,2,1,False,0x000C,0x000C,0x000C
local_xtr,0x05FF,33,27,0x061A,1562,2,1,False,0x0000,0x0000,0x0000
local_xtr,0x05FF,33,28,0x061B,1563,2,1,False,0x0000,0x0000,0x0000
local_xtr,0x05FF,33,29,0x061C,1564,2,1,False,0x0000,0x0000,0x0000
local_xtr,0x05FF,33,30,0x061D,1565,2,1,False,0x0000,0x0000,0x0000
local_xtr,0x05FF,33,31,0x061E,1566,2,1,False,0x0000,0x0000,0x0000
local_xtr,0x05FF,33,32,0x061F,1567,2,1,False,0x0000,0x0000,0x0000
genuine_eco5_online,0x05FF,33,0,0x05FF,1535,14,1,False,0x0000,0x0000,0x0000
genuine_eco5_online,0x05FF,33,1,0x0600,1536,14,1,False,0x001F,0x001F,0x001F
genuine_eco5_online,0x05FF,33,2,0x0601,1537,14,1,False,0x000C,0x000C,0x000C
genuine_eco5_online,0x05FF,33,3,0x0602,1538,14,1,False,0x0000,0x0000,0x0000
genuine_eco5_online,0x05FF,33,4,0x0603,1539,14,1,False,0x0000,0x0000,0x0000
genuine_eco5_online,0x05FF,33,5,0x0604,1540,14,1,False,0x0000,0x0000,0x0000
genuine_eco5_online,0x05FF,33,6,0x0605,1541,14,1,False,0x0000,0x0000,0x0000
genuine_eco5_online,0x05FF,33,7,0x0606,1542,14,1,False,0x0000,0x0000,0x0000
genuine_eco5_online,0x05FF,33,8,0x0607,1543,14,1,False,0x001F,0x001F,0x001F
genuine_eco5_online,0x05FF,33,9,0x0608,1544,14,1,False,0x000C,0x000C,0x000C
genuine_eco5_online,0x05FF,33,10,0x0609,1545,14,1,False,0x0000,0x0000,0x0000
genuine_eco5_online,0x05FF,33,11,0x060A,1546,14,1,False,0x0000,0x0000,0x0000
genuine_eco5_online,0x05FF,33,12,0x060B,1547,14,1,False,0x0000,0x0000,0x0000
genuine_eco5_online,0x05FF,33,13,0x060C,1548,14,1,False,0x001F,0x001F,0x001F
genuine_eco5_online,0x05FF,33,14,0x060D,1549,14,1,False,0x000C,0x000C,0x000C
genuine_eco5_online,0x05FF,33,15,0x060E,1550,14,1,False,0x0000,0x0000,0x0000
genuine_eco5_online,0x05FF,33,16,0x060F,1551,14,1,False,0x0000,0x0000,0x0000
genuine_eco5_online,0x05FF,33,17,0x0610,1552,14,1,False,0x0000,0x0000,0x0000
genuine_eco5_online,0x05FF,33,18,0x0611,1553,14,1,False,0x0000,0x0000,0x0000
genuine_eco5_online,0x05FF,33,19,0x0612,1554,14,1,False,0x0000,0x0000,0x0000
genuine_eco5_online,0x05FF,33,20,0x0613,1555,14,1,False,0x001F,0x001F,0x001F
genuine_eco5_online,0x05FF,33,21,0x0614,1556,14,1,False,0x000C,0x000C,0x000C
genuine_eco5_online,0x05FF,33,22,0x0615,1557,14,1,False,0x0000,0x0000,0x0000
genuine_eco5_online,0x05FF,33,23,0x0616,1558,14,1,False,0x0000,0x0000,0x0000
genuine_eco5_online,0x05FF,33,24,0x0617,1559,14,1,False,0x0000,0x0000,0x0000
genuine_eco5_online,0x05FF,33,25,0x0618,1560,14,1,False,0x001F,0x001F,0x001F
genuine_eco5_online,0x05FF,33,26,0x0619,1561,14,1,False,0x000C,0x000C,0x000C
genuine_eco5_online,0x05FF,33,27,0x061A,1562,14,1,False,0x0000,0x0000,0x0000
genuine_eco5_online,0x05FF,33,28,0x061B,1563,14,1,False,0x0000,0x0000,0x0000
genuine_eco5_online,0x05FF,33,29,0x061C,1564,14,1,False,0x0000,0x0000,0x0000
genuine_eco5_online,0x05FF,33,30,0x061D,1565,14,1,False,0x0000,0x0000,0x0000
genuine_eco5_online,0x05FF,33,31,0x061E,1566,14,1,False,0x0001,0x0001,0x0001
genuine_eco5_online,0x05FF,33,32,0x061F,1567,14,1,False,0x0000,0x0000,0x0000
local_xtr,0x0620,33,0,0x0620,1568,2,1,False,0x0000,0x0000,0x0000
local_xtr,0x0620,33,1,0x0621,1569,2,1,False,0x001F,0x001F,0x001F
local_xtr,0x0620,33,2,0x0622,1570,2,1,False,0x000C,0x000C,0x000C
local_xtr,0x0620,33,3,0x0623,1571,2,1,False,0x0000,0x0000,0x0000
local_xtr,0x0620,33,4,0x0624,1572,2,1,False,0x0000,0x0000,0x0000
local_xtr,0x0620,33,5,0x0625,1573,2,1,False,0x0000,0x0000,0x0000
local_xtr,0x0620,33,6,0x0626,1574,2,1,False,0x001F,0x001F,0x001F
local_xtr,0x0620,33,7,0x0627,1575,2,1,False,0x000C,0x000C,0x000C
local_xtr,0x0620,33,8,0x0628,1576,2,1,False,0x0000,0x0000,0x0000
local_xtr,0x0620,33,9,0x0629,1577,2,1,False,0x0000,0x0000,0x0000
local_xtr,0x0620,33,10,0x062A,1578,2,1,False,0x0000,0x0000,0x0000
local_xtr,0x0620,33,11,0x062B,1579,2,1,False,0x0000,0x0000,0x0000
local_xtr,0x0620,33,12,0x062C,1580,2,1,False,0x0000,0x0000,0x0000
local_xtr,0x0620,33,13,0x062D,1581,2,1,False,0x001F,0x001F,0x001F
local_xtr,0x0620,33,14,0x062E,1582,2,1,False,0x000C,0x000C,0x000C
local_xtr,0x0620,33,15,0x062F,1583,2,1,False,0x0000,0x0000,0x0000
local_xtr,0x0620,33,16,0x0630,1584,2,1,False,0x0000,0x0000,0x0000
local_xtr,0x0620,33,17,0x0631,1585,2,1,False,0x0000,0x0000,0x0000
local_xtr,0x0620,33,18,0x0632,1586,2,1,False,0x001F,0x001F,0x001F
local_xtr,0x0620,33,19,0x0633,1587,2,1,False,0x000C,0x000C,0x000C
local_xtr,0x0620,33,20,0x0634,1588,2,1,False,0x0000,0x0000,0x0000
local_xtr,0x0620,33,21,0x0635,1589,2,1,False,0x0000,0x0000,0x0000
local_xtr,0x0620,33,22,0x0636,1590,2,1,False,0x0000,0x0000,0x0000
local_xtr,0x0620,33,23,0x0637,1591,2,1,False,0x0000,0x0000,0x0000
local_xtr,0x0620,33,24,0x0638,1592,2,1,False,0x0000,0x0000,0x0000
local_xtr,0x0620,33,25,0x0639,1593,2,1,False,0x001F,0x001F,0x001F
local_xtr,0x0620,33,26,0x063A,1594,2,1,False,0x000C,0x000C,0x000C
local_xtr,0x0620,33,27,0x063B,1595,2,1,False,0x0000,0x0000,0x0000
local_xtr,0x0620,33,28,0x063C,1596,2,1,False,0x0000,0x0000,0x0000
local_xtr,0x0620,33,29,0x063D,1597,2,1,False,0x0000,0x0000,0x0000
local_xtr,0x0620,33,30,0x063E,1598,2,1,False,0x001F,0x001F,0x001F
local_xtr,0x0620,33,31,0x063F,1599,2,1,False,0x000C,0x000C,0x000C
local_xtr,0x0620,33,32,0x0640,1600,2,1,False,0x0000,0x0000,0x0000
genuine_eco5_online,0x0620,33,0,0x0620,1568,18,1,False,0x0000,0x0000,0x0000
genuine_eco5_online,0x0620,33,1,0x0621,1569,18,1,False,0x001F,0x001F,0x001F
genuine_eco5_online,0x0620,33,2,0x0622,1570,18,1,False,0x000C,0x000C,0x000C
genuine_eco5_online,0x0620,33,3,0x0623,1571,18,1,False,0x0000,0x0000,0x0000
genuine_eco5_online,0x0620,33,4,0x0624,1572,18,1,False,0x0000,0x0000,0x0000
genuine_eco5_online,0x0620,33,5,0x0625,1573,18,1,False,0x0000,0x0000,0x0000
genuine_eco5_online,0x0620,33,6,0x0626,1574,18,1,False,0x001F,0x001F,0x001F
genuine_eco5_online,0x0620,33,7,0x0627,1575,18,1,False,0x000C,0x000C,0x000C
genuine_eco5_online,0x0620,33,8,0x0628,1576,18,1,False,0x0000,0x0000,0x0000
genuine_eco5_online,0x0620,33,9,0x0629,1577,18,1,False,0x0000,0x0000,0x0000
genuine_eco5_online,0x0620,33,10,0x062A,1578,18,1,False,0x0000,0x0000,0x0000
genuine_eco5_online,0x0620,33,11,0x062B,1579,18,1,False,0x0000,0x0000,0x0000
genuine_eco5_online,0x0620,33,12,0x062C,1580,18,1,False,0x0000,0x0000,0x0000
genuine_eco5_online,0x0620,33,13,0x062D,1581,18,1,False,0x001F,0x001F,0x001F
genuine_eco5_online,0x0620,33,14,0x062E,1582,18,1,False,0x000C,0x000C,0x000C
genuine_eco5_online,0x0620,33,15,0x062F,1583,18,1,False,0x0000,0x0000,0x0000
genuine_eco5_online,0x0620,33,16,0x0630,1584,18,1,False,0x0000,0x0000,0x0000
genuine_eco5_online,0x0620,33,17,0x0631,1585,18,1,False,0x0000,0x0000,0x0000
genuine_eco5_online,0x0620,33,18,0x0632,1586,18,1,False,0x001F,0x001F,0x001F
genuine_eco5_online,0x0620,33,19,0x0633,1587,18,1,False,0x000C,0x000C,0x000C
