index,page_start_hex,page_start_dec,current_v41_count,semantic_group,local_raw_counts,local_fc16_frames,local_unique_payloads,local_dynamic_offsets,eco5_raw_counts,eco5_fc16_frames,eco5_unique_payloads,eco5_dynamic_offsets,shape_note,local_files,eco5_files
0,0x03E8,1000,14,Heating settings,13.0,3,3,"count13[0:0x03E8,1:0x03E9,12:0x03F4]",14.0,216,2,count14[12:0x03F4],historical-local-count-differs-from-current; local-vs-eco-count-difference,thermia_capture_20260925_071517.log;thermia_capture_20260925_090550.log,itec_eco5_gateway_20260926.log;itec_eco5_gateway_20260928.log
1,0x03FC,1020,11,Unknown configuration,11.0,1,1,,11.0,14,1,,,thermia_capture_20260925_090550.log,itec_eco5_gateway_20260926.log;itec_eco5_gateway_20260928.log
2,0x0410,1040,22,Hot-water/service settings (partial map),21.0,1,1,,22.0,14,2,count22[20:0x0424],historical-local-count-differs-from-current; local-vs-eco-count-difference,thermia_capture_20260925_090550.log,itec_eco5_gateway_20260926.log;itec_eco5_gateway_20260928.log
3,0x042E,1070,15,Hot-water settings/service,15.0,2,1,,15.0,16,3,"count15[0:0x042E,1:0x042F]",,thermia_capture_20260925_090209.log;thermia_capture_20260925_090550.log,itec_eco5_gateway_20260926.log;itec_eco5_gateway_20260928.log
4,0x0442,1090,13,Cooling settings,13.0,2,1,,13.0,13,1,,,thermia_capture_20260925_090209.log;thermia_capture_20260925_090550.log,itec_eco5_gateway_20260926.log;itec_eco5_gateway_20260928.log
5,0x0456,1110,12,Unknown configuration,12.0,2,1,,12.0,14,1,,,thermia_capture_20260925_090209.log;thermia_capture_20260925_090550.log,itec_eco5_gateway_20260926.log;itec_eco5_gateway_20260928.log
6,0x046A,1130,18,Unknown configuration,18.0,2,1,,18.0,14,1,,,thermia_capture_20260925_090209.log;thermia_capture_20260925_090550.log,itec_eco5_gateway_20260926.log;itec_eco5_gateway_20260928.log
7,0x047E,1150,19,Unknown configuration,19.0,2,1,,19.0,6,1,,,thermia_capture_20260925_090209.log;thermia_capture_20260925_090550.log,itec_eco5_gateway_20260926.log;itec_eco5_gateway_20260928.log
8,0x0492,1170,11,Unknown configuration,9.0,2,1,,11.0,6,1,,historical-local-count-differs-from-current; local-vs-eco-count-difference,thermia_capture_20260925_090209.log;thermia_capture_20260925_090550.log,itec_eco5_gateway_20260926.log;itec_eco5_gateway_20260928.log
9,0x04A6,1190,13,Unknown / high-frequency native page,13.0,2,1,,13.0,583,3,"count13[0:0x04A6,1:0x04A7,10:0x04B0]",,thermia_capture_20260925_090209.log;thermia_capture_20260925_090550.log,itec_eco5_gateway_20260926.log;itec_eco5_gateway_20260928.log
10,0x04BA,1210,22,Unknown configuration,22.0,2,1,,22.0,41,1,,,thermia_capture_20260925_090209.log;thermia_capture_20260925_090550.log,itec_eco5_gateway_20260926.log;itec_eco5_gateway_20260928.log
11,0x04D8,1240,27,Concrete-drying configuration candidate,27.0,2,1,,27.0,7,1,,,thermia_capture_20260925_090209.log;thermia_capture_20260925_090550.log,itec_eco5_gateway_20260926.log;itec_eco5_gateway_20260928.log
12,0x04F6,1270,14,Unknown configuration,14.0,2,1,,14.0,6,1,,,thermia_capture_20260925_090209.log;thermia_capture_20260925_090550.log,itec_eco5_gateway_20260926.log;itec_eco5_gateway_20260928.log
13,0x050A,1290,19,Unknown configuration,19.0,2,1,,19.0,6,1,,,thermia_capture_20260925_090209.log;thermia_capture_20260925_090550.log,itec_eco5_gateway_20260926.log;itec_eco5_gateway_20260928.log
14,0x051E,1310,10,Unknown configuration,9.0,2,1,,10.0,6,1,,historical-local-count-differs-from-current; local-vs-eco-count-difference,thermia_capture_20260925_090209.log;thermia_capture_20260925_090550.log,itec_eco5_gateway_20260926.log;itec_eco5_gateway_20260928.log
15,0x0532,1330,18,Unknown configuration,18.0,2,1,,18.0,18,1,,,thermia_capture_20260925_090209.log;thermia_capture_20260925_090550.log,itec_eco5_gateway_20260926.log;itec_eco5_gateway_20260928.log
16,0x0546,1350,20,System / operation / integration,20.0,2,1,,20.0,14,1,,,thermia_capture_20260925_090209.log;thermia_capture_20260925_090550.log,itec_eco5_gateway_20260926.log;itec_eco5_gateway_20260928.log
17,0x055A,1370,33,Calendar transport region,33.0,2,1,,33.0,17,1,,,thermia_capture_20260925_090209.log;thermia_capture_20260925_090550.log,itec_eco5_gateway_20260926.log;itec_eco5_gateway_20260928.log
18,0x057B,1403,33,Calendar transport region,33.0,2,1,,33.0,14,1,,,thermia_capture_20260925_090209.log;thermia_capture_20260925_090550.log,itec_eco5_gateway_20260926.log;itec_eco5_gateway_20260928.log
19,0x059C,1436,33,Calendar transport region,33.0,2,1,,33.0,15,1,,,thermia_capture_20260925_090209.log;thermia_capture_20260925_090550.log,itec_eco5_gateway_20260926.log;itec_eco5_gateway_20260928.log
20,0x05BD,1469,33,Calendar transport region,33.0,2,1,,33.0,14,1,,,thermia_capture_20260925_090209.log;thermia_capture_20260925_090550.log,itec_eco5_gateway_20260926.log;itec_eco5_gateway_20260928.log
21,0x05DE,1502,33,Calendar transport region,33.0,2,1,,33.0,14,1,,,thermia_capture_20260925_090209.log;thermia_capture_20260925_090550.log,itec_eco5_gateway_20260926.log;itec_eco5_gateway_20260928.log
22,0x05FF,1535,33,Calendar transport region,33.0,2,1,,33.0,14,1,,,thermia_capture_20260925_090209.log;thermia_capture_20260925_090550.log,itec_eco5_gateway_20260926.log;itec_eco5_gateway_20260928.log
23,0x0620,1568,33,Calendar transport region,33.0,2,1,,33.0,18,1,,,thermia_capture_20260925_090209.log;thermia_capture_20260925_090550.log,itec_eco5_gateway_20260926.log;itec_eco5_gateway_20260928.log
24,0x0641,1601,33,Calendar transport region,33.0,2,1,,33.0,24,1,,,thermia_capture_20260925_090209.log;thermia_capture_20260925_090550.log,itec_eco5_gateway_20260926.log;itec_eco5_gateway_20260928.log
25,0x0662,1634,33,Calendar transport region,33.0,2,1,,33.0,20,1,,,thermia_capture_20260925_090209.log;thermia_capture_20260925_090550.log,itec_eco5_gateway_20260926.log;itec_eco5_gateway_20260928.log
26,0x0683,1667,33,Calendar transport region,33.0,2,1,,33.0,25,2,count33[11:0x068E],,thermia_capture_20260925_090209.log;thermia_capture_20260925_090550.log,itec_eco5_gateway_20260926.log;itec_eco5_gateway_20260928.log
27,0x06A4,1700,33,Calendar transport region,33.0,2,1,,33.0,18,1,,,thermia_capture_20260925_090209.log;thermia_capture_20260925_090550.log,itec_eco5_gateway_20260926.log;itec_eco5_gateway_20260928.log
28,0x06C5,1733,33,Calendar transport region,33.0,2,1,,33.0,21,2,count33[29:0x06E2],,thermia_capture_20260925_090209.log;thermia_capture_20260925_090550.log,itec_eco5_gateway_20260926.log;itec_eco5_gateway_20260928.log
29,0x06EA,1770,7,Clock/date block,7.0,2,2,"count7[0:0x06EA,1:0x06EB]",7.0,19,19,"count7[0:0x06EA,1:0x06EB,2:0x06EC,3:0x06ED,6:0x06F0]",,thermia_capture_20260925_090209.log;thermia_capture_20260925_090550.log,itec_eco5_gateway_20260926.log;itec_eco5_gateway_20260928.log
30,0x06F1,1777,3,Unknown configuration,3.0,2,1,,3.0,29,1,,,thermia_capture_20260925_090209.log;thermia_capture_20260925_090550.log,itec_eco5_gateway_20260926.log;itec_eco5_gateway_20260928.log
31,0x06F4,1780,19,Final initial-sync / unknown configuration,19.0,1,1,,19.0,25,3,"count19[2:0x06F6,3:0x06F7,13:0x0701]",,thermia_capture_20260925_090209.log,itec_eco5_gateway_20260926.log;itec_eco5_gateway_20260928.log
32,0x0708,1800,6,Selector / mailbox,,0,0,,,0,0,,,,
33,0x07D0,2000,19,Runtime/state page,19.0,8,4,"count19[0:0x07D0,1:0x07D1,3:0x07D3,4:0x07D4,10:0x07DA,15:0x07DF]",19.0,101,18,"count19[0:0x07D0,1:0x07D1,3:0x07D3,4:0x07D4,10:0x07DA,15:0x07DF,16:0x07E0]",,thermia_capture_20260924_210001(1).log;thermia_capture_20260925_071517.log;thermia_capture_20260925_090209.log;thermia_capture_20260925_090550.log,itec_eco5_gateway_20260926.log;itec_eco5_gateway_20260928.log
34,0x07E4,2020,17,Runtime/state page,17.0,8,3,"count17[0:0x07E4,1:0x07E5,2:0x07E6,3:0x07E7,4:0x07E8,9:0x07ED,15:0x07F3]",17.0,96,7,"count17[0:0x07E4,3:0x07E7,16:0x07F4]",,thermia_capture_20260924_210001(1).log;thermia_capture_20260925_071517.log;thermia_capture_20260925_090209.log,itec_eco5_gateway_20260926.log;itec_eco5_gateway_20260928.log
35,0x07F8,2040,17,Runtime/state page,17.0,7,2,count17[15:0x0807],17.0,70,1,,,thermia_capture_20260924_210001(1).log;thermia_capture_20260925_071517.log;thermia_capture_20260925_090209.log,itec_eco5_gateway_20260926.log;itec_eco5_gateway_20260928.log
36,0x080C,2060,18,Runtime/state page,18.0,6,2,count18[14:0x081A],18.0,65,3,count18[14:0x081A],,thermia_capture_20260924_210001(1).log;thermia_capture_20260925_071517.log;thermia_capture_20260925_090209.log,itec_eco5_gateway_20260926.log;itec_eco5_gateway_20260928.log
37,0x0820,2080,18,Runtime/state page,18.0,6,4,"count18[0:0x0820,1:0x0821,5:0x0825,6:0x0826,7:0x0827,14:0x082E]",18.0,47,39,"count18[0:0x0820,1:0x0821,2:0x0822,3:0x0823,4:0x0824,5:0x0825,6:0x0826,7:0x0827,8:0x0828,10:0x082A,11:0x082B,13:0x082D,14:0x082E,15:0x082F]",,thermia_capture_20260924_210001(1).log;thermia_capture_20260925_071517.log;thermia_capture_20260925_090209.log,itec_eco5_gateway_20260926.log;itec_eco5_gateway_20260928.log
38,0x0834,2100,18,Runtime/state page,18.0,7,2,count18[12:0x0840],18.0,44,15,"count18[0:0x0834,7:0x083B,8:0x083C,17:0x0845]",,thermia_capture_20260924_210001(1).log;thermia_capture_20260925_071517.log;thermia_capture_20260925_090209.log,itec_eco5_gateway_20260926.log;itec_eco5_gateway_20260928.log
39,0x0848,2120,23,Runtime/state + internal clock fields,23.0,7,7,"count23[1:0x0849,9:0x0851,16:0x0858,17:0x0859,18:0x085A,19:0x085B,22:0x085E]",23.0,47,47,"count23[0:0x0848,1:0x0849,2:0x084A,3:0x084B,4:0x084C,8:0x0850,9:0x0851,13:0x0855,16:0x0858,17:0x0859,18:0x085A,19:0x085B,22:0x085E]",,thermia_capture_20260924_210001(1).log;thermia_capture_20260925_071517.log;thermia_capture_20260925_090209.log,itec_eco5_gateway_20260926.log;itec_eco5_gateway_20260928.log
40,0x085F,2143,5,Transport/runtime ACK block,5.0,10,1,,5.0,319,1,,,thermia_capture_20260925_090209.log;thermia_capture_20260925_090550.log,itec_eco5_gateway_20260926.log;itec_eco5_gateway_20260928.log
41,0x0864,2148,4,Runtime/state page,4.0,7,1,,4.0,48,3,"count4[1:0x0865,2:0x0866]",,thermia_capture_20260924_210001(1).log;thermia_capture_20260925_071517.log;thermia_capture_20260925_090209.log,itec_eco5_gateway_20260926.log;itec_eco5_gateway_20260928.log
42,0x0870,2160,17,Runtime/state page; word0 linked to 06E2/06E3,17.0,39,1,,17.0,44,7,"count17[0:0x0870,6:0x0876,13:0x087D]",,thermia_capture_20260924_210001(1).log;thermia_capture_20260925_071517.log;thermia_capture_20260925_090209.log;thermia_capture_20260925_090550.log,itec_eco5_gateway_20260926.log;itec_eco5_gateway_20260928.log
43,0x0884,2180,60,Large runtime/state page,60.0,8,1,,60.0,1,1,,,thermia_capture_20260924_210001(1).log;thermia_capture_20260925_071517.log;thermia_capture_20260925_090209.log;thermia_capture_20260925_090550.log,itec_eco5_gateway_20260926.log