metric,value
cases,50000
current_setting_tx,17994
current_tx_owner_matching,17994
dangerous_owner_matching_cases,15044
gap_setting_tx,0
gap_tx_owner_matching,0

positive_control_page,frame,action,pass
03E8,0F0303E8000E4550,SEND_03E8_DESIRED_PAGE,True
042E,0F03042E000F65D9,SEND_042E_DESIRED_PAGE,True
0442,0F030442000D2405,SEND_0442_DESIRED_PAGE,True
0546,0F0305460014A5F2,SEND_0546_DESIRED_PAGE,True

example_index,page,owner,mode,cache_ok,budget,full_frame,current_setting_tx,gap_setting_tx
1,0546,0546,late_tail,True,0,0F0305460014A5F20000,1,0
4,0546,0546,duplicate,True,0,0F0305460014A5F20000,2,0
6,0442,0442,split_after_8,True,0,0F030442000D240500,1,0
9,042E,042E,late_tail,True,0,0F03042E000F65D900,1,0
10,0442,0442,noise_prefix,True,0,0F030442000D240500,1,0
11,0442,0442,whole,True,0,0F030442000D240500,1,0
13,0546,0546,late_tail,True,0,0F0305460014A5F20000,1,0
18,0442,0442,duplicate,True,0,0F030442000D240500,2,0
20,042E,042E,duplicate,True,0,0F03042E000F65D900,2,0
21,0442,0442,noise_prefix,True,0,0F030442000D240500,1,0
24,042E,042E,late_tail,True,0,0F03042E000F65D900,1,0
28,0546,0546,noise_prefix,True,0,0F0305460014A5F20000,1,0
31,0546,0546,late_tail,True,0,0F0305460014A5F20000,1,0
38,0442,0442,whole,True,0,0F030442000D240500,1,0
39,042E,042E,whole,True,0,0F03042E000F65D900,1,0
40,0546,0546,split_after_8,True,0,0F0305460014A5F20000,1,0
42,042E,042E,noise_prefix,True,0,0F03042E000F65D900,1,0
43,0442,0442,late_tail,True,0,0F030442000D240500,1,0
45,0546,0546,noise_prefix,True,0,0F0305460014A5F20000,1,0
47,0442,0442,whole,True,0,0F030442000D240500,1,0