capture,run,expected_frames,parsed_frames,rejects,exact
thermia_capture_20260924_210001(1).log,0,394,394,0,1
thermia_capture_20260924_210001(1).log,1,394,394,0,1
thermia_capture_20260924_210001(1).log,2,394,394,0,1
thermia_capture_20260924_210001(1).log,3,394,394,0,1
thermia_capture_20260924_210001(1).log,4,394,394,0,1
thermia_capture_20260924_210001(1).log,5,394,394,0,1
thermia_capture_20260924_210001(1).log,6,394,394,0,1
thermia_capture_20260924_210001(1).log,7,394,394,0,1
thermia_capture_20260924_210001(1).log,8,394,394,0,1
thermia_capture_20260924_210001(1).log,9,394,394,0,1
thermia_capture_20260924_210001(1).log,10,394,394,0,1
thermia_capture_20260924_210001(1).log,11,394,394,0,1
thermia_capture_20260924_210001(1).log,12,394,394,0,1
thermia_capture_20260924_210001(1).log,13,394,394,0,1
thermia_capture_20260924_210001(1).log,14,394,394,0,1
thermia_capture_20260924_210001(1).log,15,394,394,0,1
thermia_capture_20260924_210001(1).log,16,394,394,0,1
thermia_capture_20260924_210001(1).log,17,394,394,0,1
thermia_capture_20260924_210001(1).log,18,394,394,0,1
thermia_capture_20260924_210001(1).log,19,394,394,0,1
thermia_capture_20260925_071517.log,0,674,674,0,1
thermia_capture_20260925_071517.log,1,674,674,0,1
thermia_capture_20260925_071517.log,2,674,674,0,1
thermia_capture_20260925_071517.log,3,674,674,0,1
thermia_capture_20260925_071517.log,4,674,674,0,1
thermia_capture_20260925_071517.log,5,674,674,0,1
thermia_capture_20260925_071517.log,6,674,674,0,1
thermia_capture_20260925_071517.log,7,674,674,0,1
thermia_capture_20260925_071517.log,8,674,674,0,1
thermia_capture_20260925_071517.log,9,674,674,0,1
thermia_capture_20260925_071517.log,10,674,674,0,1
thermia_capture_20260925_071517.log,11,674,674,0,1
thermia_capture_20260925_071517.log,12,674,674,0,1
thermia_capture_20260925_071517.log,13,674,674,0,1
thermia_capture_20260925_071517.log,14,674,674,0,1
thermia_capture_20260925_071517.log,15,674,674,0,1
thermia_capture_20260925_071517.log,16,674,674,0,1
thermia_capture_20260925_071517.log,17,674,674,0,1
thermia_capture_20260925_071517.log,18,674,674,0,1
thermia_capture_20260925_071517.log,19,674,674,0,1
thermia_capture_20260925_090209.log,0,491,491,0,1
thermia_capture_20260925_090209.log,1,491,491,0,1
thermia_capture_20260925_090209.log,2,491,491,0,1
thermia_capture_20260925_090209.log,3,491,491,0,1
thermia_capture_20260925_090209.log,4,491,491,0,1
thermia_capture_20260925_090209.log,5,491,491,0,1
thermia_capture_20260925_090209.log,6,491,491,0,1
thermia_capture_20260925_090209.log,7,491,491,0,1
thermia_capture_20260925_090209.log,8,491,491,0,1
thermia_capture_20260925_090209.log,9,491,491,0,1
thermia_capture_20260925_090209.log,10,491,491,0,1
thermia_capture_20260925_090209.log,11,491,491,0,1
thermia_capture_20260925_090209.log,12,491,491,0,1
thermia_capture_20260925_090209.log,13,491,491,0,1
thermia_capture_20260925_090209.log,14,491,491,0,1
thermia_capture_20260925_090209.log,15,491,491,0,1
thermia_capture_20260925_090209.log,16,491,491,0,1
thermia_capture_20260925_090209.log,17,491,491,0,1
thermia_capture_20260925_090209.log,18,491,491,0,1
thermia_capture_20260925_090209.log,19,491,491,0,1
thermia_capture_20260925_090550.log,0,892,892,0,1
thermia_capture_20260925_090550.log,1,892,892,0,1
thermia_capture_20260925_090550.log,2,892,892,0,1
thermia_capture_20260925_090550.log,3,892,892,0,1
thermia_capture_20260925_090550.log,4,892,892,0,1
thermia_capture_20260925_090550.log,5,892,892,0,1
thermia_capture_20260925_090550.log,6,892,892,0,1
thermia_capture_20260925_090550.log,7,892,892,0,1
thermia_capture_20260925_090550.log,8,892,892,0,1
thermia_capture_20260925_090550.log,9,892,892,0,1
thermia_capture_20260925_090550.log,10,892,892,0,1
thermia_capture_20260925_090550.log,11,892,892,0,1
thermia_capture_20260925_090550.log,12,892,892,0,1
thermia_capture_20260925_090550.log,13,892,892,0,1
thermia_capture_20260925_090550.log,14,892,892,0,1
thermia_capture_20260925_090550.log,15,892,892,0,1
thermia_capture_20260925_090550.log,16,892,892,0,1
thermia_capture_20260925_090550.log,17,892,892,0,1
thermia_capture_20260925_090550.log,18,892,892,0,1
thermia_capture_20260925_090550.log,19,892,892,0,1
itec_eco5_gateway_20260926.log,0,10719,10719,0,1
itec_eco5_gateway_20260926.log,1,10719,10719,0,1
itec_eco5_gateway_20260926.log,2,10719,10719,0,1
itec_eco5_gateway_20260926.log,3,10719,10719,0,1
itec_eco5_gateway_20260926.log,4,10719,10719,0,1
itec_eco5_gateway_20260926.log,5,10719,10719,0,1
itec_eco5_gateway_20260926.log,6,10719,10719,0,1
itec_eco5_gateway_20260926.log,7,10719,10719,0,1
itec_eco5_gateway_20260926.log,8,10719,10719,0,1
itec_eco5_gateway_20260926.log,9,10719,10719,0,1
itec_eco5_gateway_20260926.log,10,10719,10719,0,1
itec_eco5_gateway_20260926.log,11,10719,10719,0,1
itec_eco5_gateway_20260926.log,12,10719,10719,0,1
itec_eco5_gateway_20260926.log,13,10719,10719,0,1
itec_eco5_gateway_20260926.log,14,10719,10719,0,1
itec_eco5_gateway_20260926.log,15,10719,10719,0,1
itec_eco5_gateway_20260926.log,16,10719,10719,0,1
itec_eco5_gateway_20260926.log,17,10719,10719,0,1
itec_eco5_gateway_20260926.log,18,10719,10719,0,1
itec_eco5_gateway_20260926.log,19,10719,10719,0,1
itec_eco5_gateway_20260928.log,0,9174,9174,0,1
itec_eco5_gateway_20260928.log,1,9174,9174,0,1
itec_eco5_gateway_20260928.log,2,9174,9174,0,1
itec_eco5_gateway_20260928.log,3,9174,9174,0,1
itec_eco5_gateway_20260928.log,4,9174,9174,0,1
itec_eco5_gateway_20260928.log,5,9174,9174,0,1
itec_eco5_gateway_20260928.log,6,9174,9174,0,1
itec_eco5_gateway_20260928.log,7,9174,9174,0,1
itec_eco5_gateway_20260928.log,8,9174,9174,0,1
itec_eco5_gateway_20260928.log,9,9174,9174,0,1
itec_eco5_gateway_20260928.log,10,9174,9174,0,1
itec_eco5_gateway_20260928.log,11,9174,9174,0,1
itec_eco5_gateway_20260928.log,12,9174,9174,0,1
itec_eco5_gateway_20260928.log,13,9174,9174,0,1
itec_eco5_gateway_20260928.log,14,9174,9174,0,1
itec_eco5_gateway_20260928.log,15,9174,9174,0,1
itec_eco5_gateway_20260928.log,16,9174,9174,0,1
itec_eco5_gateway_20260928.log,17,9174,9174,0,1
itec_eco5_gateway_20260928.log,18,9174,9174,0,1
itec_eco5_gateway_20260928.log,19,9174,9174,0,1
thermia_capture_20261003_165355.log,0,2687,2687,0,1
thermia_capture_20261003_165355.log,1,2687,2687,0,1
thermia_capture_20261003_165355.log,2,2687,2687,0,1
thermia_capture_20261003_165355.log,3,2687,2687,0,1
thermia_capture_20261003_165355.log,4,2687,2687,0,1
thermia_capture_20261003_165355.log,5,2687,2687,0,1
thermia_capture_20261003_165355.log,6,2687,2687,0,1
thermia_capture_20261003_165355.log,7,2687,2687,0,1
thermia_capture_20261003_165355.log,8,2687,2687,0,1
thermia_capture_20261003_165355.log,9,2687,2687,0,1
thermia_capture_20261003_165355.log,10,2687,2687,0,1
thermia_capture_20261003_165355.log,11,2687,2687,0,1
thermia_capture_20261003_165355.log,12,2687,2687,0,1
thermia_capture_20261003_165355.log,13,2687,2687,0,1
thermia_capture_20261003_165355.log,14,2687,2687,0,1
thermia_capture_20261003_165355.log,15,2687,2687,0,1
thermia_capture_20261003_165355.log,16,2687,2687,0,1
thermia_capture_20261003_165355.log,17,2687,2687,0,1
thermia_capture_20261003_165355.log,18,2687,2687,0,1
thermia_capture_20261003_165355.log,19,2687,2687,0,1