corpus,policy,runs,exact_reconstruction_runs,ambiguous_events_total,resync_total,drops_total,false_semantic_outputs
thermia_capture_20260924_210001(1).log,shortest,20,20,0,0,0,0
thermia_capture_20260924_210001(1).log,longest,20,20,0,0,0,0
thermia_capture_20260924_210001(1).log,ambiguous_failclosed,20,20,0,0,0,0
thermia_capture_20260924_210001(1).log,semantic_context,20,20,0,0,0,0
thermia_capture_20260925_071517.log,shortest,20,20,0,0,0,0
thermia_capture_20260925_071517.log,longest,20,20,0,0,0,0
thermia_capture_20260925_071517.log,ambiguous_failclosed,20,20,0,0,0,0
thermia_capture_20260925_071517.log,semantic_context,20,20,0,0,0,0
thermia_capture_20260925_090209.log,shortest,20,20,0,0,0,0
thermia_capture_20260925_090209.log,longest,20,20,0,0,0,0
thermia_capture_20260925_090209.log,ambiguous_failclosed,20,20,0,0,0,0
thermia_capture_20260925_090209.log,semantic_context,20,20,0,0,0,0
thermia_capture_20260925_090550.log,shortest,20,20,0,0,0,0
thermia_capture_20260925_090550.log,longest,20,20,0,0,0,0
thermia_capture_20260925_090550.log,ambiguous_failclosed,20,20,0,0,0,0
thermia_capture_20260925_090550.log,semantic_context,20,20,0,0,0,0
itec_eco5_gateway_20260926.log,shortest,20,20,0,0,0,0
itec_eco5_gateway_20260926.log,longest,20,20,0,0,0,0
itec_eco5_gateway_20260926.log,ambiguous_failclosed,20,20,0,0,0,0
itec_eco5_gateway_20260926.log,semantic_context,20,20,0,0,0,0
itec_eco5_gateway_20260928.log,shortest,20,20,0,0,0,0
itec_eco5_gateway_20260928.log,longest,20,20,0,0,0,0
itec_eco5_gateway_20260928.log,ambiguous_failclosed,20,20,0,0,0,0
itec_eco5_gateway_20260928.log,semantic_context,20,20,0,0,0,0
thermia_capture_20261003_165355.log,shortest,20,20,0,0,0,0
thermia_capture_20261003_165355.log,longest,20,20,0,0,0,0
thermia_capture_20261003_165355.log,ambiguous_failclosed,20,20,0,0,0,0
thermia_capture_20261003_165355.log,semantic_context,20,20,0,0,0,0