index,page_hex,count,ack_frame,status,source
0,03E8,13,0f1003e8000d8092,OBSERVED_AND_ACKED,genuine ATEC+DCM03 cold start 2026-10-03
1,03FC,11,0f1003fc000b4094,OBSERVED_AND_ACKED,genuine ATEC+DCM03 cold start 2026-10-03
2,0410,21,0f1004100015001d,OBSERVED_AND_ACKED,genuine ATEC+DCM03 cold start 2026-10-03
3,042E,15,0f10042e000fe01a,OBSERVED_AND_ACKED,genuine ATEC+DCM03 cold start 2026-10-03
4,0442,13,0f100442000da1c6,OBSERVED_AND_ACKED,genuine ATEC+DCM03 cold start 2026-10-03
5,0456,12,0f100456000c2002,OBSERVED_AND_ACKED,genuine ATEC+DCM03 cold start 2026-10-03
6,046A,18,0f10046a00126006,OBSERVED_AND_ACKED,genuine ATEC+DCM03 cold start 2026-10-03
7,047E,19,0f10047e0013e1c2,OBSERVED_AND_ACKED,genuine ATEC+DCM03 cold start 2026-10-03
8,0492,9,0f1004920009a1fc,OBSERVED_AND_ACKED,genuine ATEC+DCM03 cold start 2026-10-03
9,04A6,13,0f1004a6000de1f1,OBSERVED_AND_ACKED,genuine ATEC+DCM03 cold start 2026-10-03
10,04BA,22,0f1004ba0016603c,OBSERVED_AND_ACKED,genuine ATEC+DCM03 cold start 2026-10-03
11,04D8,27,0f1004d8001b0027,OBSERVED_AND_ACKED,genuine ATEC+DCM03 cold start 2026-10-03
12,04F6,14,0f1004f6000ea1e1,OBSERVED_AND_ACKED,genuine ATEC+DCM03 cold start 2026-10-03
13,050A,19,0f10050a0013a024,OBSERVED_AND_ACKED,genuine ATEC+DCM03 cold start 2026-10-03
14,051E,9,0f10051e000961eb,OBSERVED_AND_ACKED,genuine ATEC+DCM03 cold start 2026-10-03
15,0532,18,0f1005320012e029,OBSERVED_AND_ACKED,genuine ATEC+DCM03 cold start 2026-10-03
16,0546,20,0f10054600142031,OBSERVED_AND_ACKED,genuine ATEC+DCM03 cold start 2026-10-03
17,055A,33,0f10055a002121e0,OBSERVED_AND_ACKED,genuine ATEC+DCM03 cold start 2026-10-03
18,057B,33,0f10057b002171ea,OBSERVED_AND_ACKED,genuine ATEC+DCM03 cold start 2026-10-03
19,059C,33,0f10059c0021c1dd,OBSERVED_AND_ACKED,genuine ATEC+DCM03 cold start 2026-10-03
20,05BD,33,0f1005bd002191d7,OBSERVED_AND_ACKED,genuine ATEC+DCM03 cold start 2026-10-03
21,05DE,33,0f1005de002161c9,OBSERVED_AND_ACKED,genuine ATEC+DCM03 cold start 2026-10-03
22,05FF,33,0f1005ff002131c3,OBSERVED_AND_ACKED,genuine ATEC+DCM03 cold start 2026-10-03
23,0620,33,0f1006200021007d,OBSERVED_AND_ACKED,genuine ATEC+DCM03 cold start 2026-10-03
24,0641,33,0f100641002151a3,OBSERVED_AND_ACKED,genuine ATEC+DCM03 cold start 2026-10-03
25,0662,33,0f1006620021a069,OBSERVED_AND_ACKED,genuine ATEC+DCM03 cold start 2026-10-03
26,0683,33,0f1006830021f05f,OBSERVED_AND_ACKED,genuine ATEC+DCM03 cold start 2026-10-03
27,06A4,33,0f1006a400214054,OBSERVED_AND_ACKED,genuine ATEC+DCM03 cold start 2026-10-03
28,06C5,33,0f1006c50021118a,OBSERVED_AND_ACKED,genuine ATEC+DCM03 cold start 2026-10-03
29,06EA,7,0f1006ea0007a199,OBSERVED_AND_ACKED,genuine ATEC+DCM03 cold start 2026-10-03
30,06F1,3,0f1006f10003d05d,OBSERVED_AND_ACKED,genuine ATEC+DCM03 cold start 2026-10-03
31,06F4,19,0f1006f40013c190,OBSERVED_AND_ACKED,genuine ATEC+DCM03 cold start 2026-10-03
