experiment,latest_header,status_class,canonical_log_evidence_basis,raw_or_timestamp_excerpt,user_confirmation_marker,hypothesis_marker,controlled_change_marker,exact_republish_marker,explicit_repo_artifact_paths
92,## EXP92 detailed record,COMPLETE / NEGATIVE,SUMMARY_ONLY_IN_CANONICAL_LOG,false,false,true,false,false,
93,## EXP93 — Passive A80F=50 discriminator,LEGACY/UNCLASSIFIED,SUMMARY_ONLY_IN_CANONICAL_LOG,false,false,true,false,false,
94,## EXP94 — Passive cold-boot + initial-sync timeline,LEGACY/UNCLASSIFIED,SUMMARY_ONLY_IN_CANONICAL_LOG,false,false,true,false,false,
95,## EXP95 — Cold-boot zero-presence from first 0x06 poll,LEGACY/UNCLASSIFIED,SUMMARY_ONLY_IN_CANONICAL_LOG,false,false,true,false,false,
96,## EXP96 — Cold-boot historical envelope + canonical REQ/ACK handshake,LEGACY/UNCLASSIFIED,SUMMARY_ONLY_IN_CANONICAL_LOG,false,false,true,false,false,
97,## EXP97 — Passive natural A80E/AFDC edge correlator,LEGACY/UNCLASSIFIED,SUMMARY_ONLY_IN_CANONICAL_LOG,false,false,true,false,false,
98,## EXP98 — AFC8 single-word A/B/A influence test,LEGACY/UNCLASSIFIED,SUMMARY_ONLY_IN_CANONICAL_LOG,false,false,true,false,false,
99,"## EXP99 — Historical-field matrix, REQ low",LEGACY/UNCLASSIFIED,SUMMARY_ONLY_IN_CANONICAL_LOG,false,false,false,false,false,
100,## EXP100 — Multi-transaction historical-field matrix,LEGACY/UNCLASSIFIED,SUMMARY_ONLY_IN_CANONICAL_LOG,false,false,true,false,false,
101,## EXP101 — AFCC..AFD3 one-word influence matrix — PREPARED,PREPARED / LEGACY WORDING,NOT_RUN_OR_PREPARED,false,false,true,false,false,
102,## EXP102 — count / structure interaction matrix — PREPARED,PREPARED / LEGACY WORDING,NOT_RUN_OR_PREPARED,false,false,true,false,false,
103,## EXP103 — repeated identical canonical transaction chain — PREPARED,PREPARED / LEGACY WORDING,NOT_RUN_OR_PREPARED,false,false,true,false,false,
104,## EXP104 — AFC8 sequence-toggle canonical transaction chain — PREPARED,PREPARED / LEGACY WORDING,NOT_RUN_OR_PREPARED,false,false,true,false,false,
105,## EXP105 — State-gated canonical transaction — PREPARED,PREPARED / LEGACY WORDING,NOT_RUN_OR_PREPARED,false,false,true,false,false,
106,## EXP106 — Passive integration-sync window correlator — PREPARED,PREPARED / LEGACY WORDING,NOT_RUN_OR_PREPARED,false,false,true,false,false,
107,## EXP107 — PREPARED — Persistent accessory image then isolated AFCA pulse,PREPARED / LEGACY WORDING,NOT_RUN_OR_PREPARED,false,false,true,true,false,
130,### EXP130 — AFD1 version scaling — COMPLETE / POSITIVE MAPPING,COMPLETE / POSITIVE,SUMMARY_ONLY_IN_CANONICAL_LOG,false,false,true,false,false,
131,### EXP131 — AFD0 type with valid AFD1 version — COMPLETE / NEGATIVE,COMPLETE / NEGATIVE,SUMMARY_ONLY_IN_CANONICAL_LOG,false,false,true,false,false,
132,### EXP132 — AFC8/AFC9/AFCB validity/header matrix with AFD1=16 — COMPLETE / NEGATIVE,COMPLETE / NEGATIVE,SUMMARY_ONLY_IN_CANONICAL_LOG,false,false,true,false,false,
133,### EXP133 — Passive 0x0F block-structure census — RUNNING / PARTIAL,RUNNING / PARTIAL,SUMMARY_ONLY_IN_CANONICAL_LOG,false,false,true,false,false,
134,"### EXP134 — Passive DHW START correlation — PREPARED, NOT RUN",PREPARED / NOT RUN,NOT_RUN_OR_PREPARED,false,false,true,false,false,
135,### EXP135 — passive DHW START A/B/A — COMPLETE / NEGATIVE FOR 03F1,COMPLETE / NEGATIVE,SUMMARY_ONLY_IN_CANONICAL_LOG,false,false,false,false,false,
136,### EXP136 — passive DHW COMFORT/ECO mode A/B/A — COMPLETE / NEGATIVE,COMPLETE / NEGATIVE,SUMMARY_ONLY_IN_CANONICAL_LOG,false,false,false,false,false,
137,### EXP137 — PREPARED — 0x0F FC16 ACK-only presence probe,PREPARED / LEGACY WORDING,NOT_RUN_OR_PREPARED,false,false,false,false,false,
138,### EXP138 — sequential 0x0F FC16 ACK probe — PREPARED,PREPARED / LEGACY WORDING,NOT_RUN_OR_PREPARED,false,false,true,false,false,
139,"### EXP139 — sequential 0x0F FC16 ACK probe, stage 0x042E — PREPARED",PREPARED / LEGACY WORDING,NOT_RUN_OR_PREPARED,false,false,true,false,false,
140,"### EXP140 — sequential 0x0F FC16 ACK probe, stage 0x04BA — PREPARED",PREPARED / LEGACY WORDING,NOT_RUN_OR_PREPARED,false,false,true,false,false,
141,### EXP141 — gated 0x0F sequence walker — PREPARED,PREPARED / LEGACY WORDING,NOT_RUN_OR_PREPARED,false,false,true,false,false,
256,## EXP256 — One-shot R1 + full post-R1 FC16/FC03 differential census — COMPLETE / ACTIVE STRONG POSITIVE,COMPLETE / POSITIVE,SUMMARY_ONLY_IN_CANONICAL_LOG,false,false,true,false,false,
257,## EXP257 — One-shot R1 + single `03E8/count14` ACK + next-stage capture — COMPLETE / STRONG POSITIVE,COMPLETE / POSITIVE,RAW_EXCERPT_IN_CANONICAL_LOG,true,false,true,false,false,
258,## EXP258 — exact `03FC/count11` ACK then next-stage capture — COMPLETE / STRONG POSITIVE,COMPLETE / POSITIVE,SUMMARY_ONLY_IN_CANONICAL_LOG,false,false,true,false,false,
259,"## EXP259 — ACK `0410/count22`, capture next stage — COMPLETE / STRONG POSITIVE",COMPLETE / POSITIVE,SUMMARY_ONLY_IN_CANONICAL_LOG,false,false,true,false,false,
260,## EXP260 — bounded `042E -> 0442 -> 0456` ACK batch — COMPLETE / STRONG POSITIVE,COMPLETE / POSITIVE,SUMMARY_ONLY_IN_CANONICAL_LOG,false,false,true,false,false,
261,## EXP261 — bounded 046A/047E/0492 ACK batch — COMPLETE / STRONG POSITIVE,COMPLETE / POSITIVE,RAW_EXCERPT_IN_CANONICAL_LOG,true,false,true,false,false,
262,## EXP262 — accelerated 04A6..0546 ACK batch — COMPLETE / STRONG POSITIVE,COMPLETE / POSITIVE,RAW_EXCERPT_IN_CANONICAL_LOG,true,false,true,false,false,
263,## EXP263 — accelerated 12-block 33-word batch — COMPLETE / STRONG POSITIVE,COMPLETE / POSITIVE,RAW_EXCERPT_IN_CANONICAL_LOG,true,false,true,false,false,
264,## EXP264 — 06EA/06F1/06F4 tail — COMPLETE / STRONG POSITIVE WITH CAPTURE AMBIGUITY,COMPLETE / POSITIVE,SUMMARY_ONLY_IN_CANONICAL_LOG,false,false,true,false,false,
266,## EXP266 — COMPLETE / PARTIAL POSITIVE,COMPLETE / POSITIVE,RAW_EXCERPT_IN_CANONICAL_LOG,true,false,true,false,false,
267,## EXP267 — COMPLETE## EXP267 — COMPLETE## EXP267 — COMPLETE / NEGATIVE,COMPLETE / NEGATIVE,RAW_EXCERPT_IN_CANONICAL_LOG,true,false,true,false,false,
268,## EXP268 — COMPLETE / NEGATIVE,COMPLETE / NEGATIVE,RAW_EXCERPT_IN_CANONICAL_LOG,true,false,true,false,false,
269,### EXP269 UI observation,LEGACY/UNCLASSIFIED,SUMMARY_ONLY_IN_CANONICAL_LOG,false,false,false,false,false,
270,## EXP270 — PREPARED / NOT RUN — exact all-zero 085F ACK gate,PREPARED / NOT RUN,NOT_RUN_OR_PREPARED,true,false,true,true,false,
287,# EXP287 — COMPLETE / INCONCLUSIVE — direct 0870 after 0864 exposes second conditional runtime branch,COMPLETE / INCONCLUSIVE,RAW_EXCERPT_IN_CANONICAL_LOG,true,false,true,true,false,
288,# EXP288 — COMPLETE / POSITIVE — 0708 w1 bit0 triggers local reverse 03E8 pull,COMPLETE / POSITIVE,SUMMARY_ONLY_IN_CANONICAL_LOG,false,false,true,true,false,
289,# EXP289 — COMPLETE / POSITIVE — unchanged reverse 03E8/14 page accepted,COMPLETE / POSITIVE,SUMMARY_ONLY_IN_CANONICAL_LOG,false,false,true,true,false,
290,# EXP290 — COMPLETE / POSITIVE — reverse 03E8 semantic write changes controller-visible Room Setpoint,COMPLETE / POSITIVE,SUMMARY_ONLY_IN_CANONICAL_LOG,false,false,true,true,false,
291,# EXP291 — COMPLETE / INCONCLUSIVE — strict continuity run exposes optional post-0870 mailbox branch,COMPLETE / INCONCLUSIVE,SUMMARY_ONLY_IN_CANONICAL_LOG,false,false,true,true,false,
292,# EXP292 — COMPLETE / POSITIVE — optional post-0870 0708 branch locally supported,COMPLETE / POSITIVE,RAW_EXCERPT_PLUS_USER_CONFIRMATION,true,true,true,true,false,
293,# EXP293 — COMPLETE / POSITIVE — continuous steady-state runtime remains alarm-free for ~30 minutes,COMPLETE / POSITIVE,USER_CONFIRMATION_IN_CANONICAL_LOG,false,true,true,true,false,
294,# EXP294 — COMPLETE / INCONCLUSIVE — direct post-0884 07D0 accepted; next missing branch is direct post-07E4 07F8,COMPLETE / INCONCLUSIVE,SUMMARY_ONLY_IN_CANONICAL_LOG,false,false,true,true,false,
295,# EXP295 — COMPLETE / INCONCLUSIVE — direct post-07E4 07F8 accepted; next missing branch is direct post-080C 0820,COMPLETE / INCONCLUSIVE,SUMMARY_ONLY_IN_CANONICAL_LOG,false,false,true,true,false,
296,# EXP296 — COMPLETE / POSITIVE — direct post-080C 0820 branch survives real operation-state changes,COMPLETE / POSITIVE,USER_CONFIRMATION_IN_CANONICAL_LOG,false,true,true,true,false,Research/thermia_itec_xtr_m_dcm_emulator_exp296_stable.yaml
297,# EXP297 — COMPLETE / POSITIVE — active controller reboot recovered without ESP reboot/re-arm,COMPLETE / POSITIVE,RAW_EXCERPT_IN_CANONICAL_LOG,true,false,true,true,false,
298,# EXP298 — COMPLETE / INCONCLUSIVE — fresh-approval-only ESP reboot recovery insufficient,COMPLETE / INCONCLUSIVE,SUMMARY_ONLY_IN_CANONICAL_LOG,false,false,true,true,false,
299,# EXP299 — COMPLETE / INCONCLUSIVE — bounded retained-session resync reveals temporary liveness recovery,COMPLETE / INCONCLUSIVE,SUMMARY_ONLY_IN_CANONICAL_LOG,false,false,true,false,false,
300,# EXP300 — COMPLETE / INCONCLUSIVE — 0848 is not a universal retained re-entry anchor,COMPLETE / INCONCLUSIVE,SUMMARY_ONLY_IN_CANONICAL_LOG,false,false,true,false,false,
301,# EXP301 — COMPLETE / NEGATIVE — passive wait for 0848 does not recover retained session,COMPLETE / NEGATIVE,SUMMARY_ONLY_IN_CANONICAL_LOG,false,false,true,false,false,
302,# EXP302 — COMPLETE / POSITIVE — ACK of 085F(0800) changes retained controller state,COMPLETE / POSITIVE,SUMMARY_ONLY_IN_CANONICAL_LOG,false,false,true,true,false,
303,# EXP303 — COMPLETE / INCONCLUSIVE — retained state did not return to 085F(0800),COMPLETE / INCONCLUSIVE,SUMMARY_ONLY_IN_CANONICAL_LOG,false,false,true,false,false,
304,# EXP304 — COMPLETE / INCONCLUSIVE — 0662 resurfaced before intended all-zero-085F target,COMPLETE / INCONCLUSIVE,SUMMARY_ONLY_IN_CANONICAL_LOG,false,false,true,false,false,
305,# EXP305 — COMPLETE / POSITIVE — 0662/33 ACK-gated transfer re-confirmed,COMPLETE / POSITIVE,SUMMARY_ONLY_IN_CANONICAL_LOG,false,false,true,true,false,
306,# EXP306 — COMPLETE / INCONCLUSIVE — persistent 0708 / 085F(0800) loop with NO_TX,COMPLETE / INCONCLUSIVE,SUMMARY_ONLY_IN_CANONICAL_LOG,false,false,true,false,false,
307,# EXP307 — COMPLETE / POSITIVE — qualified all-zero 085F ACK advances to 0864,COMPLETE / POSITIVE,SUMMARY_ONLY_IN_CANONICAL_LOG,false,false,true,true,false,
308,# EXP308 — COMPLETE / POSITIVE — 0864 ACK advances to 0870,COMPLETE / POSITIVE,SUMMARY_ONLY_IN_CANONICAL_LOG,false,false,true,true,false,
309,# EXP309 — COMPLETE / INCONCLUSIVE — direct 0870 branch disproves mandatory 0864 prerequisite,COMPLETE / INCONCLUSIVE,SUMMARY_ONLY_IN_CANONICAL_LOG,false,false,true,true,false,
310,# EXP310 — COMPLETE / POSITIVE — 0870 ACK advances to 0884,COMPLETE / POSITIVE,SUMMARY_ONLY_IN_CANONICAL_LOG,false,false,true,true,false,
311,# EXP311 — COMPLETE / INCONCLUSIVE — direct 0884 branch appears before 0870 prerequisite,COMPLETE / INCONCLUSIVE,SUMMARY_ONLY_IN_CANONICAL_LOG,false,false,true,true,false,
312,# EXP312 — COMPLETE / POSITIVE — 0884 ACK advances retained session to 07D0,COMPLETE / POSITIVE,RAW_EXCERPT_IN_CANONICAL_LOG,true,false,true,true,false,
313,"# EXP313 — COMPLETE / INCONCLUSIVE — 07D0 handoff works, post-handoff branch exposes 0708",COMPLETE / INCONCLUSIVE,SUMMARY_ONLY_IN_CANONICAL_LOG,false,false,true,true,false,
314,# EXP314 — COMPLETE / INCONCLUSIVE — controller retained progress to 07E4 while ESP was offline,COMPLETE / INCONCLUSIVE,SUMMARY_ONLY_IN_CANONICAL_LOG,false,false,true,true,false,
315,# EXP315 — COMPLETE / POSITIVE — direct retained 07E4 handoff sustains steady runtime,COMPLETE / POSITIVE,RAW_EXCERPT_IN_CANONICAL_LOG,true,false,true,true,false,
316,# EXP316-Q — COMPLETE / INCONCLUSIVE — quiet long-run harness timeout flaw,COMPLETE / INCONCLUSIVE,SUMMARY_ONLY_IN_CANONICAL_LOG,false,false,false,false,false,
317,"# EXP317 — COMPLETE / INCONCLUSIVE — progress-anchored timeout, but no post-085F transition",COMPLETE / INCONCLUSIVE,SUMMARY_ONLY_IN_CANONICAL_LOG,false,false,false,true,false,
318,# EXP318 — COMPLETE / POSITIVE — 085F(0800) ACK reconfirms all-zero transition,COMPLETE / POSITIVE,RAW_EXCERPT_IN_CANONICAL_LOG,true,false,true,false,false,
319,# EXP319 — COMPLETE / POSITIVE — all-zero 085F ACK exposes direct 0884,COMPLETE / POSITIVE,RAW_EXCERPT_IN_CANONICAL_LOG,true,false,true,false,false,
320,# EXP320 — COMPLETE / POSITIVE — qualified 0884 ACK reaches direct 07D0,COMPLETE / POSITIVE,RAW_EXCERPT_IN_CANONICAL_LOG,true,false,true,false,false,
321,# EXP321 — COMPLETE / INCONCLUSIVE — planned recovery entry absent,COMPLETE / INCONCLUSIVE,SUMMARY_ONLY_IN_CANONICAL_LOG,false,false,true,false,false,
322,# EXP322 — COMPLETE / POSITIVE — clean post-controller-reboot passive baseline,COMPLETE / POSITIVE,SUMMARY_ONLY_IN_CANONICAL_LOG,false,false,true,true,false,
323,# EXP323 — COMPLETE / INCONCLUSIVE,COMPLETE / INCONCLUSIVE,RAW_EXCERPT_IN_CANONICAL_LOG,true,false,true,true,false,
324,# EXP324 — COMPLETE / INCONCLUSIVE,COMPLETE / INCONCLUSIVE,SUMMARY_ONLY_IN_CANONICAL_LOG,false,false,true,true,false,
325,# EXP325 — COMPLETE / POSITIVE,COMPLETE / POSITIVE,SUMMARY_ONLY_IN_CANONICAL_LOG,false,false,true,true,false,
326,# EXP326 — COMPLETE / POSITIVE,COMPLETE / POSITIVE,RAW_EXCERPT_IN_CANONICAL_LOG,true,false,true,true,false,
327,# EXP327 — COMPLETE / POSITIVE,COMPLETE / POSITIVE,SUMMARY_ONLY_IN_CANONICAL_LOG,false,false,true,true,false,
328,# EXP328 — COMPLETE / POSITIVE,COMPLETE / POSITIVE,SUMMARY_ONLY_IN_CANONICAL_LOG,false,false,true,true,false,
329,# EXP329 — COMPLETE / POSITIVE,COMPLETE / POSITIVE,SUMMARY_ONLY_IN_CANONICAL_LOG,false,false,true,true,false,
330,# EXP330 — COMPLETE / POSITIVE,COMPLETE / POSITIVE,SUMMARY_ONLY_IN_CANONICAL_LOG,false,false,true,true,false,
331,# EXP331 — COMPLETE / POSITIVE,COMPLETE / POSITIVE,SUMMARY_ONLY_IN_CANONICAL_LOG,false,false,true,true,false,
332,# EXP332 — COMPLETE / POSITIVE,COMPLETE / POSITIVE,SUMMARY_ONLY_IN_CANONICAL_LOG,false,false,true,true,false,
333,# EXP333 — COMPLETE / POSITIVE,COMPLETE / POSITIVE,SUMMARY_ONLY_IN_CANONICAL_LOG,false,false,true,false,false,
334,# EXP334 — COMPLETE / INCONCLUSIVE,COMPLETE / INCONCLUSIVE,SUMMARY_ONLY_IN_CANONICAL_LOG,false,false,true,true,false,
335,# EXP335 — COMPLETE / INCONCLUSIVE,COMPLETE / INCONCLUSIVE,SUMMARY_ONLY_IN_CANONICAL_LOG,false,false,true,true,false,
336,# EXP336 — COMPLETE / INCONCLUSIVE,COMPLETE / INCONCLUSIVE,SUMMARY_ONLY_IN_CANONICAL_LOG,false,false,true,true,false,
337,# EXP337 — COMPLETE / POSITIVE,COMPLETE / POSITIVE,RAW_EXCERPT_IN_CANONICAL_LOG,true,false,true,true,false,
338,# EXP338 — COMPLETE / INCONCLUSIVE,COMPLETE / INCONCLUSIVE,SUMMARY_ONLY_IN_CANONICAL_LOG,false,false,true,true,false,
339,# EXP339 — COMPLETE / INCONCLUSIVE,COMPLETE / INCONCLUSIVE,RAW_EXCERPT_IN_CANONICAL_LOG,true,false,true,true,false,
340,# EXP340 — COMPLETE / INCONCLUSIVE,COMPLETE / INCONCLUSIVE,SUMMARY_ONLY_IN_CANONICAL_LOG,false,false,true,true,false,
343,# EXP343 — COMPLETE / POSITIVE — semantic 03F4 desired-page write,COMPLETE / POSITIVE,RAW_EXCERPT_IN_CANONICAL_LOG,true,false,false,true,false,
344,# EXP344 — COMPLETE / NEGATIVE for persistent DCM-connected indication; POSITIVE transport sub-result,COMPLETE / NEGATIVE,USER_CONFIRMATION_IN_CANONICAL_LOG,false,true,false,false,false,
345,# EXP345 — COMPLETE / POSITIVE — persistent DCM runtime with 0708 W5=0006,COMPLETE / POSITIVE,RAW_EXCERPT_PLUS_USER_CONFIRMATION,true,true,true,true,false,
346,# EXP346 — COMPLETE / POSITIVE — guarded 03F4 write + rollback inside persistent DCM runtime,COMPLETE / POSITIVE,RAW_EXCERPT_PLUS_USER_CONFIRMATION,true,true,true,true,true,
347,# EXP347 — COMPLETE / POSITIVE — retained session semantic write without Thermia reboot,COMPLETE / POSITIVE,USER_CONFIRMATION_IN_CANONICAL_LOG,false,true,false,true,false,
348,# EXP348 — COMPLETE / POSITIVE — HA-selected generic 03F4 target,COMPLETE / POSITIVE,USER_CONFIRMATION_IN_CANONICAL_LOG,false,true,false,false,true,
349,# EXP349 — COMPLETE / POSITIVE — reusable guarded room-setpoint writes in one retained session,COMPLETE / POSITIVE,RAW_EXCERPT_PLUS_USER_CONFIRMATION,true,true,true,true,true,
350,# EXP350 — COMPLETE / INCONCLUSIVE — automatic retained qualification positive; long-interval write blocked by stale cache,COMPLETE / INCONCLUSIVE,USER_CONFIRMATION_IN_CANONICAL_LOG,false,true,true,true,true,
351,# EXP351 — COMPLETE / INCONCLUSIVE — refresh hypothesis not reached because emulator activation was gated,COMPLETE / INCONCLUSIVE,USER_CONFIRMATION_IN_CANONICAL_LOG,false,true,true,true,false,
352,# EXP352 — COMPLETE / POSITIVE — runtime-independent fresh-page refresh + reusable room-setpoint writes,COMPLETE / POSITIVE,RAW_EXCERPT_PLUS_USER_CONFIRMATION,true,true,true,true,true,
353,# EXP353 — COMPLETE / POSITIVE — reusable stale-cache refresh follow-up,COMPLETE / POSITIVE,USER_CONFIRMATION_IN_CANONICAL_LOG,false,true,true,true,true,
355,# EXP355 — COMPLETE / POSITIVE — fresh controller-session recovery from retained runtime,COMPLETE / POSITIVE,RAW_EXCERPT_IN_CANONICAL_LOG,true,false,true,true,false,
356,# EXP356 — SUPERSEDED / NOT RUN — post-recovery soak,SUPERSEDED / NOT RUN,NOT_RUN_OR_PREPARED,false,false,false,false,false,
357,# EXP357 — COMPLETE / POSITIVE — reusable stale-cache refresh + confirmed write,COMPLETE / POSITIVE,SUMMARY_ONLY_IN_CANONICAL_LOG,false,false,true,true,true,
358,## EXP358 — Write Beta v2.1 production regression — COMPLETE / POSITIVE,COMPLETE / POSITIVE,SUMMARY_ONLY_IN_CANONICAL_LOG,false,false,false,false,true,
359,## EXP359 — controller cold-reboot recovery regression — COMPLETE / POSITIVE,COMPLETE / POSITIVE,SUMMARY_ONLY_IN_CANONICAL_LOG,false,false,false,false,false,
360,## EXP360 — broad 0708 bitmap exploration — COMPLETE / INCONCLUSIVE,COMPLETE / INCONCLUSIVE,SUMMARY_ONLY_IN_CANONICAL_LOG,false,false,false,false,false,
361,## EXP361 — 0708 discriminator follow-up — COMPLETE / NEGATIVE,COMPLETE / NEGATIVE,SUMMARY_ONLY_IN_CANONICAL_LOG,false,false,false,false,false,
362,## EXP362 — bitmap transmission attempt — COMPLETE / INCONCLUSIVE,COMPLETE / INCONCLUSIVE,SUMMARY_ONLY_IN_CANONICAL_LOG,false,false,true,false,false,
363,## EXP363 — 04A6-to-0708 hypothesis — COMPLETE / NEGATIVE,COMPLETE / NEGATIVE,SUMMARY_ONLY_IN_CANONICAL_LOG,false,false,true,false,false,
364,## EXP364 — hot-rejoin discriminator — COMPLETE / INCONCLUSIVE,COMPLETE / INCONCLUSIVE,SUMMARY_ONLY_IN_CANONICAL_LOG,false,false,false,false,false,
365,## EXP365 — first Heating Curve semantic write — COMPLETE / POSITIVE,COMPLETE / POSITIVE,SUMMARY_ONLY_IN_CANONICAL_LOG,false,false,false,false,true,
366,## EXP366 — inverse Heating Curve write — COMPLETE / POSITIVE,COMPLETE / POSITIVE,SUMMARY_ONLY_IN_CANONICAL_LOG,false,false,false,false,true,
367,## EXP367 — larger Heating Curve delta — COMPLETE / POSITIVE,COMPLETE / POSITIVE,SUMMARY_ONLY_IN_CANONICAL_LOG,false,false,false,false,true,
368,## EXP368 — multi-control verifier test — COMPLETE / INCONCLUSIVE,COMPLETE / INCONCLUSIVE,SUMMARY_ONLY_IN_CANONICAL_LOG,false,false,false,false,false,
369,## EXP369 — verifier-latch fix — COMPLETE / POSITIVE,COMPLETE / POSITIVE,SUMMARY_ONLY_IN_CANONICAL_LOG,false,false,false,false,false,
370,## EXP370 — reusable multi-setting semantic write engine — COMPLETE / POSITIVE,COMPLETE / POSITIVE,SUMMARY_ONLY_IN_CANONICAL_LOG,false,false,false,true,true,
371,## EXP371 — unrestricted Min/Max follow-up — SUPERSEDED / NOT RUN,SUPERSEDED / NOT RUN,NOT_RUN_OR_PREPARED,false,false,false,false,false,
372,## EXP372 — extended heating sliders design — SUPERSEDED / NOT RUN,SUPERSEDED / NOT RUN,NOT_RUN_OR_PREPARED,false,false,false,false,false,
373,## EXP373 — extended heating settings sliders — RUNNING / PARTIAL,RUNNING / PARTIAL,SUMMARY_ONLY_IN_CANONICAL_LOG,false,false,true,false,true,
374,## EXP374 — queued serialized multi-setting write engine — COMPLETE / POSITIVE,COMPLETE / POSITIVE,SUMMARY_ONLY_IN_CANONICAL_LOG,false,false,true,false,false,
375,## EXP375B — Room Factor 03F0 — COMPLETE / POSITIVE,COMPLETE / POSITIVE,USER_CONFIRMATION_IN_CANONICAL_LOG,false,true,false,false,false,
376,## EXP376 — broader native-page mapper — RUNNING / PARTIAL,RUNNING / PARTIAL,SUMMARY_ONLY_IN_CANONICAL_LOG,false,false,true,false,false,
377,## EXP377 — first semantic write on 042E/count15 — COMPLETE / POSITIVE,COMPLETE / POSITIVE,SUMMARY_ONLY_IN_CANONICAL_LOG,false,false,true,false,true,
378,## EXP378 — 042E current refresh + unified desired queue/UI — COMPLETE / POSITIVE,COMPLETE / POSITIVE,RAW_EXCERPT_IN_CANONICAL_LOG,true,false,true,false,false,
379,## EXP379 — persistent cooling controls — COMPLETE / POSITIVE,COMPLETE / POSITIVE,SUMMARY_ONLY_IN_CANONICAL_LOG,false,false,true,false,true,
380,# EXP380 — persistent Operation Mode on 0546/count20 — COMPLETE / POSITIVE,COMPLETE / POSITIVE,SUMMARY_ONLY_IN_CANONICAL_LOG,false,false,false,false,false,
381,# EXP381B — production/UI consolidation — COMPLETE / POSITIVE,COMPLETE / POSITIVE,USER_CONFIRMATION_IN_CANONICAL_LOG,false,true,false,true,false,
382,# EXP382 — offline controlled-page gap analysis — COMPLETE / POSITIVE,COMPLETE / POSITIVE,SUMMARY_ONLY_IN_CANONICAL_LOG,false,false,true,true,false,Research/EXP382_OFFLINE_GAP_ANALYSIS.md;Research/temp/reports/EXP382_OFFLINE_GAP_ANALYSIS.md
383,# EXP383 — STRONGLY SUPPORTED candidate controls — PREPARED / NOT RUN,PREPARED / NOT RUN,NOT_RUN_OR_PREPARED,false,false,true,true,true,
386,## EXP386 — Native DCM session activation/recovery from unqualified stage40,COMPLETE / POSITIVE,SUMMARY_ONLY_IN_CANONICAL_LOG,false,false,true,false,false,
387,### EXP387 — delayed `0708` semantic re-arm — COMPLETE / POSITIVE,COMPLETE / POSITIVE,SUMMARY_ONLY_IN_CANONICAL_LOG,false,false,false,false,false,
388,### EXP388 — repeated controller-restart recovery hardening — RUNNING / PARTIAL,RUNNING / PARTIAL,SUMMARY_ONLY_IN_CANONICAL_LOG,false,false,false,false,false,
