case,policy,runs,false_semantic_outputs,exact_full_frame_runs,semantic_short_blocked
0546,shortest,100,100,0,0
0546,longest,100,70,30,0
0546,ambiguous_failclosed,100,70,0,0
0546,semantic_context,100,70,30,30
042E,shortest,100,100,0,0
042E,longest,100,45,55,0
042E,ambiguous_failclosed,100,45,0,0
042E,semantic_context,100,45,55,55
0442,shortest,100,100,0,0
0442,longest,100,45,55,0
0442,ambiguous_failclosed,100,45,0,0
0442,semantic_context,100,45,55,55
,,,,,
FUZZ_SUMMARY,,,,,
shortest,shortest,30000,28486,0,21121
longest,longest,30000,7587,20899,20899
ambiguous_failclosed,ambiguous_failclosed,30000,7436,0,21050
semantic_context,semantic_context,30000,7462,21024,21024