historical_scope,historical_claim_or_risk,audit_status,current_interpretation,evidence
EXP92-107 era,0x06 response image / AFCA transaction might directly unlock Online/DCM application semantics,SUPERSEDED as main application-layer model,0x06 is proven accessory/EXP presence+metadata/transport territory; genuine Online native application/settings path is slave 0x0F,EXP94/95 negatives; EXP130-132 EXP metadata; genuine Online + EXP137 onward
EXP94-era interpretation,A80E/AFDC cycling as DCM login/approval state,SUPERSEDED,"Natural lifecycle/heartbeat behavior can occur independently; fields are context, not login proof",Passive cross-model evidence + later native session work
early 0861 usage,0861 as general DCM/Online semantic-session flag,NARROWED,0861 is a useful transport/session transaction discriminator; not a decoded login/identity semantic,EXP92 transaction behavior + 085F embedding
pre-PROTO02,071C/0730 must be strict request-specific crypto and algorithm must be cracked first,SUPERSEDED for local XTR requirement,Fixed known-good R1 is accepted against multiple different XTR requests; genuine generation algorithm remains unknown,PROTO-OFFLINE-02 + local R1 experiments
EXP135 target hypothesis,03F1 = Hot Water Start,DISPROVEN / SUPERSEDED,03F1 did not change during controlled DHW START A/B/A; 041D is the local Hot Water Start anchor,EXP135 + EXP376
older 042E donor assumption,042E universally = Integral A1,DISPROVEN / SUPERSEDED,RegisterIndex semantics are profile-specific; local XTR maps 042E to Hot Water Enabled; modern Eco5/iTec behavior also fits Hot Water Status,PROTO-OFFLINE-16 + EXP376
older 0431/0432 labels,0431/0432 = heating START/STOP,REJECTED,Known local values do not fit; both remain OPEN,EXP376
EXP345-era generalization risk,W5=0006 normal / 0007 join is universal,DISPROVEN as universal,"W5=0006 is locally sufficient for tested XTR DCM-connected indication, but Eco5 W5=0000 throughout; older DCM 6/7 is profile metadata",EXP345 + PROTO-OFFLINE-09/19
EXP360-era label,7FFF/FFFF is opaque join/resync magic,SUPERSEDED,It decodes as a concrete 31-page W2/W3 state-upload work bitmap in older DCM rejoin,PROTO-OFFLINE-09
pre-PROTO19 sync model,initial full sync is a 0708 bitmap-driven refresh,SUPERSEDED / REFINED,Genuine Eco5 first performs a controller-autonomous 32-page ACK-gated bootstrap before the first 0708; later FFFF/867F is a separate 26-page refresh,PROTO-OFFLINE-19
pre-PROTO17 session model,approval response means configuration service is immediately ready,SUPERSEDED / REFINED,Approval/session-open and page-service-ready are separate states; early #3 approvals can precede first 03E8 ACK by ~108.5 s,PROTO-OFFLINE-17
PROTO18 hypothesis,known recurrent bus field predicts ~120 s page-service readiness,COMPLETE / NEGATIVE,No independent captured field among tested recurrent families predicts readiness; first 03E8 ACK is first direct marker,PROTO-OFFLINE-18
EXP335/simple runtime rule,085F ACK alone immediately yields 07D0,DISPROVEN as universal immediate rule,"Observed branches can include 0708, 0864, 0870, 0884 or direct paths depending on retained context","EXP307-320, EXP335"
older runtime sequencing assumption,0708 is a mandatory immediate gate before every runtime FC16 step,SUPERSEDED,Retained-session tests show direct transitions without immediate 0708; mailbox is interleaved/context-dependent,EXP309-320 + PROTO-OFFLINE-09
EXP363 hypothesis,04A6 ACK directly causes expected 0708 transition,COMPLETE / NEGATIVE,Specific causal hypothesis failed; 04A6 remains context-dependent recurrent page,EXP363 + PROTO-OFFLINE-01/19
old 04A6 label risk,04A6 is Online approval flag,DISPROVEN,Genuine approval occurs with zero and nonzero 04A6; later local XTR 04A6/A7 correlate with SG/operational state,PROTO-OFFLINE-01
PROTO08 early runtime model,0872..0878 are seven consecutive operating-time counters,DISPROVEN / SUPERSEDED,"Best cross-profile map is sparse: 0870,0872,0873,0876,0877,0878,(0879); 0874/0875 remain unknown",PROTO-OFFLINE-16
old 0870 label,0870 generic context/counter word only,UPGRADED,0870 strongly supported as Compressor Operating Time; 06E2/06E3 reconstruct word0,PROTO-OFFLINE-16
old alarm shortcut,0884 raw first word maps directly to displayed E### code,DISPROVEN,0884 is rolling timestamped history; raw identifiers require separate translation,PROTO-OFFLINE-14
old page-provenance assumption,Sep24/25 genuine Online captures are historical local XTR and page-size changes show XTR temporal drift,DISPROVEN / PROVENANCE CORRECTION,Those files are genuine Online/DCM references; page-size differences are cross-profile/system variation,PROTO-OFFLINE-03
old calendar model,3×33 words = one 99-word logical calendar function,DISPROVEN / SUPERSEDED,"Calendar functions are 98 words = 8×12-word records + 2 metadata, crossing 33-word transport boundaries",CAL-OFFLINE-01
old calendar-tail interpretation,04D8 or 06E2.. tail treated as ordinary calendar continuation,REFINED,04D8 strongly fits concrete-drying config; 06E2/06E3 are packed bridge into 0870 word0,CAL-OFFLINE-01 + PROTO-OFFLINE-16
PROTO09 W4 wording,W4 is an exclusive immediate-next-page selector,REFINED,"Bit-to-page family remains strong, but ordinary runtime pages can run while W4 state remains set; better term is runtime/service state/refresh bitmap",PROTO-OFFLINE-19
structural symmetry,W1 bit4=0442 and W0 bit0=0546 can be treated as proven desired selectors,NOT PROVEN / BLOCKED,"No genuine W1 bit4 and no nonzero W0 exist in corpus; local page write mechanisms may be proven separately, but genuine selector symmetry is not evidence",PROTO-OFFLINE-19