tx_route,current_guard,provenance,audit_result
"FC17 fixed R1 replay","exact 071C/0730 challenge; A80E=0000/A80F=0005; one-shot latch; unqualified runtime only","local XTR EXP257+/EXP386; fixed replay locally accepted","PASS — bounded and fail-closed"
"32-page cold-start FC16 ACK chain","exact page start/count/length; ordered stage; 5 s time bounds","local XTR bootstrap experiments + genuine Eco5/ATEC structure","PASS"
"runtime 04A6/count13","capture-only normally; one-shot ACK only when explicit resume_armed","local EXP363 transport result; approval interpretation disproven","PASS — bounded exception"
"runtime 0834/count18","explicit NO ACK + stop","local ACK safety not established; Eco5 page is normal but payload generation-specific","PASS — conservative"
"runtime 085F/count5 all-zero or 0861=0800","payload shape alone sets local_runtime_ack_proven","local ACK examples exist, but genuine corpus shows 085F mostly unACKed and PROTO29 says context-sensitive","SAFETY DEBT — add service-context/W4 gate before future production revision"
"runtime 0870/count17","page shape alone is in local_runtime_ack_proven","normally ACKed in Eco5, but older reconnect window has repeated unACKed 0870","REVIEW — context gate preferable"
"runtime config pages 03E8..06F4","any known page shape enters local_config and can be ACKed in stage40 unless special-case branches intercept","bootstrap ACK proven; later refresh should be mailbox/context driven","REVIEW — page recognition is broader than current scheduler provenance"
"03E8 semantic writes","fresh cached page; one selected word changed; selector proof; exact republish comparison","locally proven many times + genuine desired primitive","PASS"
"042E semantic writes","fresh 15-word page; one selected word; local/genuine selector proof","EXP377/378 + genuine Eco5 selector","PASS"
"0442 semantic writes","fresh 13-word page; one selected word; local selector proof","EXP379","PASS"
"0546 Operation Mode semantic write","fresh 20-word page; one selected word; local + genuine ATEC selector proof","EXP380 + ATEC DCM03","PASS for proven Operation Mode target"
"0546 word19 Link Integration TEST","same page machinery; TEST UI; candidate still unpromoted","EXP383 PREPARED / NOT RUN","TEST ONLY — do not promote"
"042E word2 Top-up TEST","TEST UI; local page machinery","EXP383 PREPARED / NOT RUN","TEST ONLY — do not promote"
"0442 TEST words 2/4/6/8/9","TEST UI; local page machinery","EXP383 PREPARED / NOT RUN","TEST ONLY — do not promote"
"0708 idle W5=0006","qualified stage40 runtime","EXP344/345 local causal UI/liveness result","PASS for local XTR profile; not universal enum"
"fresh-current W2/W3 refresh request","runtime qualified; explicit write/refresh state","PROTO19/28 + local XTR","PASS"
