experiment,canonical_status_class,evidence_class,raw_detail_in_log,user_confirmation_in_log,named_repo_artifact,headers
92,HISTORICAL / LEGACY STATUS WORDING,RAW DETAIL IN LOG,yes,no,,## EXP92 detailed record
93,HISTORICAL / LEGACY STATUS WORDING,LEGACY WORDING / MANUAL REVIEW,no,no,,## EXP93 — Passive A80F=50 discriminator
94,HISTORICAL / LEGACY STATUS WORDING,LEGACY WORDING / MANUAL REVIEW,no,no,,## EXP94 — Passive cold-boot + initial-sync timeline
95,HISTORICAL / LEGACY STATUS WORDING,LEGACY WORDING / MANUAL REVIEW,no,no,,## EXP95 — Cold-boot zero-presence from first 0x06 poll
96,HISTORICAL / LEGACY STATUS WORDING,LEGACY WORDING / MANUAL REVIEW,no,no,,## EXP96 — Cold-boot historical envelope + canonical REQ/ACK handshake
97,HISTORICAL / LEGACY STATUS WORDING,LEGACY WORDING / MANUAL REVIEW,no,no,,## EXP97 — Passive natural A80E/AFDC edge correlator | ## EXP97 — Passive natural A80E/AFDC edge correlator — result
98,HISTORICAL / LEGACY STATUS WORDING,LEGACY WORDING / MANUAL REVIEW,no,no,,## EXP98 — AFC8 single-word A/B/A influence test
99,HISTORICAL / LEGACY STATUS WORDING,LEGACY WORDING / MANUAL REVIEW,no,no,,"## EXP99 — Historical-field matrix, REQ low | ## EXP99 — Historical-field matrix, REQ low — result"
100,HISTORICAL / LEGACY STATUS WORDING,LEGACY WORDING / MANUAL REVIEW,no,no,,## EXP100 — Multi-transaction historical-field matrix | ## EXP100 — Multi-transaction historical-field matrix — result | ## EXP100 — Multi-transaction historical-field matrix — COMPLETED
101,HISTORICAL / LEGACY STATUS WORDING,LEGACY WORDING / MANUAL REVIEW,no,no,,## EXP101 — AFCC..AFD3 one-word influence matrix — PREPARED | ## EXP101 — AFCC..AFD3 one-word influence matrix — COMPLETED NEGATIVE
102,HISTORICAL / LEGACY STATUS WORDING,LEGACY WORDING / MANUAL REVIEW,no,no,,## EXP102 — count / structure interaction matrix — PREPARED | ## EXP102 — count / structure interaction matrix — COMPLETED NEGATIVE
103,HISTORICAL / LEGACY STATUS WORDING,LEGACY WORDING / MANUAL REVIEW,no,no,,## EXP103 — repeated identical canonical transaction chain — PREPARED | ## EXP103 — repeated identical canonical transaction chain — COMPLETED NEGATIVE
104,HISTORICAL / LEGACY STATUS WORDING,LEGACY WORDING / MANUAL REVIEW,no,no,,## EXP104 — AFC8 sequence-toggle canonical transaction chain — PREPARED | ## EXP104 — AFC8 sequence-toggle canonical transaction chain — COMPLETED NEGATIVE
105,HISTORICAL / LEGACY STATUS WORDING,LEGACY WORDING / MANUAL REVIEW,no,no,,## EXP105 — State-gated canonical transaction — PREPARED | ## EXP105 — State-gated canonical transaction — COMPLETED NEGATIVE
106,HISTORICAL / LEGACY STATUS WORDING,LEGACY WORDING / MANUAL REVIEW,no,no,,## EXP106 — Passive integration-sync window correlator — PREPARED | ## EXP106 — CLOSED (partial but sufficient negative)
107,HISTORICAL / LEGACY STATUS WORDING,LEGACY WORDING / MANUAL REVIEW,no,no,,## EXP107 — PREPARED — Persistent accessory image then isolated AFCA pulse | ## EXP107 — COMPLETE — Persistent image + isolated AFCA pulse
130,COMPLETE / POSITIVE,RESULT SUMMARY / NO RAW DETAIL IN CANONICAL BLOCK,no,no,,### EXP130 — AFD1 version scaling — COMPLETE / POSITIVE MAPPING
131,COMPLETE / NEGATIVE,RESULT SUMMARY / NO RAW DETAIL IN CANONICAL BLOCK,no,no,,### EXP131 — AFD0 type with valid AFD1 version — COMPLETE / NEGATIVE
132,COMPLETE / NEGATIVE,RESULT SUMMARY / NO RAW DETAIL IN CANONICAL BLOCK,no,no,,### EXP132 — AFC8/AFC9/AFCB validity/header matrix with AFD1=16 — COMPLETE / NEGATIVE
133,RUNNING / PARTIAL,PARTIAL RESULT,no,no,,### EXP133 — Passive 0x0F block-structure census — RUNNING / PARTIAL
134,HISTORICAL / LEGACY STATUS WORDING,LEGACY WORDING / MANUAL REVIEW,no,no,,"### EXP134 — Passive DHW START correlation — PREPARED, NOT RUN | ### EXP134 — passive DHW START correlation — PROCEDURAL / INCIDENTAL"
135,COMPLETE / NEGATIVE,RESULT SUMMARY / NO RAW DETAIL IN CANONICAL BLOCK,no,no,,### EXP135 — passive DHW START A/B/A — COMPLETE / NEGATIVE FOR 03F1
136,COMPLETE / NEGATIVE,RESULT SUMMARY / NO RAW DETAIL IN CANONICAL BLOCK,no,no,,### EXP136 — passive DHW COMFORT/ECO mode A/B/A — COMPLETE / NEGATIVE
137,COMPLETE / POSITIVE,RAW DETAIL IN LOG,yes,no,,### EXP137 — PREPARED — 0x0F FC16 ACK-only presence probe | ### EXP137 — 0x0F FC16 ACK-only presence probe — COMPLETE / POSITIVE TRANSPORT PROGRESSION
138,COMPLETE / POSITIVE,RAW DETAIL IN LOG,yes,no,,### EXP138 — sequential 0x0F FC16 ACK probe — PREPARED | ### EXP138 — sequential 0x0F FC16 ACK probe — COMPLETE / POSITIVE TRANSPORT PROGRESSION
139,COMPLETE / POSITIVE,RAW DETAIL IN LOG,yes,no,,"### EXP139 — sequential 0x0F FC16 ACK probe, stage 0x042E — PREPARED | ### EXP139 — sequential 0x0F FC16 ACK probe, stage 0x042E — COMPLETE / POSITIVE TRANSPORT PROGRESSION"
140,COMPLETE / POSITIVE,RAW DETAIL IN LOG,yes,no,,"### EXP140 — sequential 0x0F FC16 ACK probe, stage 0x04BA — PREPARED | ### EXP140 — sequential 0x0F FC16 ACK probe, stage 0x04BA — COMPLETE / POSITIVE TRANSPORT PROGRESSION"
141,RUNNING / PARTIAL,PARTIAL RESULT,no,no,,### EXP141 — gated 0x0F sequence walker — PREPARED | ### EXP141 — gated 0x0F sequence walker — RUNNING / PARTIAL POSITIVE | #### EXP141 continuation — 0662/33 ACKed
256,COMPLETE / POSITIVE,RAW DETAIL IN LOG,yes,no,,## EXP256 — One-shot R1 + full post-R1 FC16/FC03 differential census — COMPLETE / ACTIVE STRONG POSITIVE
257,COMPLETE / POSITIVE,RAW DETAIL IN LOG,yes,no,,## EXP257 — One-shot R1 + single `03E8/count14` ACK + next-stage capture — COMPLETE / STRONG POSITIVE
258,COMPLETE / POSITIVE,RAW DETAIL IN LOG,yes,no,,## EXP258 — exact `03FC/count11` ACK then next-stage capture — COMPLETE / STRONG POSITIVE | ## EXP258 — exact `03FC/count11` ACK then next-stage capture — PREPARED / NOT RUN
259,COMPLETE / POSITIVE,RAW DETAIL + USER CONFIRMATION,yes,yes,,"## EXP259 — ACK `0410/count22`, capture next stage — COMPLETE / STRONG POSITIVE | ## EXP259 — UI side effect follow-up | ## EXP259 — exact `0410/count22` ACK then next-stage capture — PREPARED / NOT RUN"
260,COMPLETE / POSITIVE,RAW DETAIL IN LOG,yes,no,,## EXP260 — bounded `042E -> 0442 -> 0456` ACK batch — COMPLETE / STRONG POSITIVE | ## EXP260 — bounded `042E -> 0442 -> 0456` ACK batch — PREPARED / NOT RUN
261,COMPLETE / POSITIVE,RAW DETAIL IN LOG,yes,no,,## EXP261 — bounded 046A/047E/0492 ACK batch — COMPLETE / STRONG POSITIVE | ## EXP261 — bounded `046A -> 047E -> 0492` continuation — PREPARED / NOT RUN
262,COMPLETE / POSITIVE,RAW DETAIL IN LOG,yes,no,,## EXP262 — accelerated 04A6..0546 ACK batch — COMPLETE / STRONG POSITIVE | ## EXP262 — accelerated 04A6..0546 batch — PREPARED / NOT RUN
263,COMPLETE / POSITIVE,RAW DETAIL IN LOG,yes,no,,## EXP263 — accelerated 12-block 33-word batch — COMPLETE / STRONG POSITIVE
264,COMPLETE / POSITIVE,RAW DETAIL IN LOG,yes,no,,## EXP264 — 06EA/06F1/06F4 tail — COMPLETE / STRONG POSITIVE WITH CAPTURE AMBIGUITY | ## EXP264 — end-of-bulk sync tail — PREPARED / NOT RUN
266,PREPARED / NOT RUN,NO LIVE RESULT,yes,no,,## EXP266 — COMPLETE / PARTIAL POSITIVE | ## EXP266 — PREPARED / NOT RUN
267,COMPLETE / NEGATIVE,RAW DETAIL IN LOG,yes,no,,## EXP267 — COMPLETE## EXP267 — COMPLETE## EXP267 — COMPLETE / NEGATIVE | ## EXP267 — PREPARED / NOT RUN
268,COMPLETE / NEGATIVE,RAW DETAIL IN LOG,yes,no,,## EXP268 — COMPLETE / NEGATIVE
269,COMPLETE / NEGATIVE,RAW DETAIL IN LOG,yes,no,,### EXP269 UI observation | ## EXP269 — COMPLETE / NEGATIVE | ## EXP269 — PREPARED / NOT RUN — revised phase-matched mailbox test | ## EXP269 — PREPARED / NOT RUN
270,PREPARED / NOT RUN,NO LIVE RESULT,yes,no,,## EXP270 — PREPARED / NOT RUN — exact all-zero 085F ACK gate
287,RUNNING / PARTIAL,PARTIAL + RAW DETAIL,yes,no,,# EXP287 — COMPLETE / INCONCLUSIVE — direct 0870 after 0864 exposes second conditional runtime branch
288,COMPLETE / POSITIVE,RAW DETAIL IN LOG,yes,no,,# EXP288 — COMPLETE / POSITIVE — 0708 w1 bit0 triggers local reverse 03E8 pull
289,COMPLETE / POSITIVE,RAW DETAIL IN LOG,yes,no,,# EXP289 — COMPLETE / POSITIVE — unchanged reverse 03E8/14 page accepted
290,COMPLETE / POSITIVE,RAW DETAIL IN LOG,yes,no,,# EXP290 — COMPLETE / POSITIVE — reverse 03E8 semantic write changes controller-visible Room Setpoint
291,COMPLETE / POSITIVE,RAW DETAIL IN LOG,yes,no,,# EXP291 — COMPLETE / INCONCLUSIVE — strict continuity run exposes optional post-0870 mailbox branch
292,COMPLETE / POSITIVE,RAW DETAIL IN LOG,yes,no,,# EXP292 — COMPLETE / POSITIVE — optional post-0870 0708 branch locally supported
293,COMPLETE / POSITIVE,RESULT SUMMARY / NO RAW DETAIL IN CANONICAL BLOCK,no,no,,# EXP293 — COMPLETE / POSITIVE — continuous steady-state runtime remains alarm-free for ~30 minutes
294,COMPLETE / POSITIVE,RESULT SUMMARY / NO RAW DETAIL IN CANONICAL BLOCK,no,no,,# EXP294 — COMPLETE / INCONCLUSIVE — direct post-0884 07D0 accepted; next missing branch is direct post-07E4 07F8
295,COMPLETE / INCONCLUSIVE,RESULT SUMMARY / NO RAW DETAIL IN CANONICAL BLOCK,no,no,,# EXP295 — COMPLETE / INCONCLUSIVE — direct post-07E4 07F8 accepted; next missing branch is direct post-080C 0820
296,COMPLETE / POSITIVE,RAW DETAIL IN LOG,yes,no,Research/thermia_itec_xtr_m_dcm_emulator_exp296_stable.yaml,# EXP296 — COMPLETE / POSITIVE — direct post-080C 0820 branch survives real operation-state changes
297,COMPLETE / POSITIVE,RAW DETAIL IN LOG,yes,no,,# EXP297 — COMPLETE / POSITIVE — active controller reboot recovered without ESP reboot/re-arm
298,COMPLETE / POSITIVE,RESULT SUMMARY / NO RAW DETAIL IN CANONICAL BLOCK,no,no,,# EXP298 — COMPLETE / INCONCLUSIVE — fresh-approval-only ESP reboot recovery insufficient
299,COMPLETE / INCONCLUSIVE,RESULT SUMMARY / NO RAW DETAIL IN CANONICAL BLOCK,no,no,,# EXP299 — COMPLETE / INCONCLUSIVE — bounded retained-session resync reveals temporary liveness recovery
300,COMPLETE / INCONCLUSIVE,RESULT SUMMARY / NO RAW DETAIL IN CANONICAL BLOCK,no,no,,# EXP300 — COMPLETE / INCONCLUSIVE — 0848 is not a universal retained re-entry anchor
301,COMPLETE / NEGATIVE,RESULT SUMMARY / NO RAW DETAIL IN CANONICAL BLOCK,no,no,,# EXP301 — COMPLETE / NEGATIVE — passive wait for 0848 does not recover retained session
302,COMPLETE / POSITIVE,RAW DETAIL IN LOG,yes,no,,# EXP302 — COMPLETE / POSITIVE — ACK of 085F(0800) changes retained controller state
303,COMPLETE / POSITIVE,RESULT SUMMARY / NO RAW DETAIL IN CANONICAL BLOCK,no,no,,# EXP303 — COMPLETE / INCONCLUSIVE — retained state did not return to 085F(0800)
304,COMPLETE / INCONCLUSIVE,RESULT SUMMARY / NO RAW DETAIL IN CANONICAL BLOCK,no,no,,# EXP304 — COMPLETE / INCONCLUSIVE — 0662 resurfaced before intended all-zero-085F target
305,COMPLETE / POSITIVE,RESULT SUMMARY / NO RAW DETAIL IN CANONICAL BLOCK,no,no,,# EXP305 — COMPLETE / POSITIVE — 0662/33 ACK-gated transfer re-confirmed
306,COMPLETE / POSITIVE,RESULT SUMMARY / NO RAW DETAIL IN CANONICAL BLOCK,no,no,,# EXP306 — COMPLETE / INCONCLUSIVE — persistent 0708 / 085F(0800) loop with NO_TX
307,COMPLETE / POSITIVE,RESULT SUMMARY / NO RAW DETAIL IN CANONICAL BLOCK,no,no,,# EXP307 — COMPLETE / POSITIVE — qualified all-zero 085F ACK advances to 0864
308,COMPLETE / POSITIVE,RESULT SUMMARY / NO RAW DETAIL IN CANONICAL BLOCK,no,no,,# EXP308 — COMPLETE / POSITIVE — 0864 ACK advances to 0870
309,COMPLETE / POSITIVE,RESULT SUMMARY / NO RAW DETAIL IN CANONICAL BLOCK,no,no,,# EXP309 — COMPLETE / INCONCLUSIVE — direct 0870 branch disproves mandatory 0864 prerequisite
310,COMPLETE / POSITIVE,RAW DETAIL IN LOG,yes,no,,# EXP310 — COMPLETE / POSITIVE — 0870 ACK advances to 0884
311,COMPLETE / POSITIVE,RESULT SUMMARY / NO RAW DETAIL IN CANONICAL BLOCK,no,no,,# EXP311 — COMPLETE / INCONCLUSIVE — direct 0884 branch appears before 0870 prerequisite
312,COMPLETE / POSITIVE,RAW DETAIL IN LOG,yes,no,,# EXP312 — COMPLETE / POSITIVE — 0884 ACK advances retained session to 07D0
313,COMPLETE / POSITIVE,RESULT SUMMARY / NO RAW DETAIL IN CANONICAL BLOCK,no,no,,"# EXP313 — COMPLETE / INCONCLUSIVE — 07D0 handoff works, post-handoff branch exposes 0708"
314,COMPLETE / INCONCLUSIVE,RESULT SUMMARY / NO RAW DETAIL IN CANONICAL BLOCK,no,no,,# EXP314 — COMPLETE / INCONCLUSIVE — controller retained progress to 07E4 while ESP was offline
315,COMPLETE / POSITIVE,RESULT SUMMARY / NO RAW DETAIL IN CANONICAL BLOCK,no,no,,# EXP315 — COMPLETE / POSITIVE — direct retained 07E4 handoff sustains steady runtime
316,RUNNING / PARTIAL,PARTIAL RESULT,no,no,,"# EXP316-Q — COMPLETE / INCONCLUSIVE — quiet long-run harness timeout flaw | # EXP316 — RUNNING / PARTIAL, then superseded by quiet variant"
317,COMPLETE / INCONCLUSIVE,RESULT SUMMARY / NO RAW DETAIL IN CANONICAL BLOCK,no,no,,"# EXP317 — COMPLETE / INCONCLUSIVE — progress-anchored timeout, but no post-085F transition"
318,COMPLETE / POSITIVE,RESULT SUMMARY / NO RAW DETAIL IN CANONICAL BLOCK,no,no,,# EXP318 — COMPLETE / POSITIVE — 085F(0800) ACK reconfirms all-zero transition
319,COMPLETE / POSITIVE,RAW DETAIL IN LOG,yes,no,,# EXP319 — COMPLETE / POSITIVE — all-zero 085F ACK exposes direct 0884
320,COMPLETE / POSITIVE,RESULT SUMMARY / NO RAW DETAIL IN CANONICAL BLOCK,no,no,,# EXP320 — COMPLETE / POSITIVE — qualified 0884 ACK reaches direct 07D0
321,COMPLETE / INCONCLUSIVE,RESULT SUMMARY / NO RAW DETAIL IN CANONICAL BLOCK,no,no,,# EXP321 — COMPLETE / INCONCLUSIVE — planned recovery entry absent
322,COMPLETE / POSITIVE,RAW DETAIL IN LOG,yes,no,,# EXP322 — COMPLETE / POSITIVE — clean post-controller-reboot passive baseline
323,COMPLETE / INCONCLUSIVE,RAW DETAIL IN LOG,yes,no,,# EXP323 — COMPLETE / INCONCLUSIVE
324,COMPLETE / INCONCLUSIVE,RESULT SUMMARY / NO RAW DETAIL IN CANONICAL BLOCK,no,no,,# EXP324 — COMPLETE / INCONCLUSIVE
325,COMPLETE / POSITIVE,RAW DETAIL IN LOG,yes,no,,# EXP325 — COMPLETE / POSITIVE
326,COMPLETE / POSITIVE,RAW DETAIL IN LOG,yes,no,,# EXP326 — COMPLETE / POSITIVE
327,COMPLETE / POSITIVE,RESULT SUMMARY / NO RAW DETAIL IN CANONICAL BLOCK,no,no,,# EXP327 — COMPLETE / POSITIVE
328,COMPLETE / POSITIVE,RESULT SUMMARY / NO RAW DETAIL IN CANONICAL BLOCK,no,no,,# EXP328 — COMPLETE / POSITIVE
329,COMPLETE / POSITIVE,RESULT SUMMARY / NO RAW DETAIL IN CANONICAL BLOCK,no,no,,# EXP329 — COMPLETE / POSITIVE
330,COMPLETE / POSITIVE,RAW DETAIL IN LOG,yes,no,,# EXP330 — COMPLETE / POSITIVE
331,COMPLETE / POSITIVE,RAW DETAIL IN LOG,yes,no,,# EXP331 — COMPLETE / POSITIVE | # EXP331 — PREPARED / NOT RUN
332,COMPLETE / POSITIVE,RESULT SUMMARY / NO RAW DETAIL IN CANONICAL BLOCK,no,no,,# EXP332 — COMPLETE / POSITIVE
333,COMPLETE / POSITIVE,RAW DETAIL IN LOG,yes,no,,# EXP333 — COMPLETE / POSITIVE
334,COMPLETE / INCONCLUSIVE,RESULT SUMMARY / NO RAW DETAIL IN CANONICAL BLOCK,no,no,,# EXP334 — COMPLETE / INCONCLUSIVE
335,COMPLETE / INCONCLUSIVE,RAW DETAIL IN LOG,yes,no,,# EXP335 — COMPLETE / INCONCLUSIVE
336,COMPLETE / INCONCLUSIVE,RESULT SUMMARY / NO RAW DETAIL IN CANONICAL BLOCK,no,no,,# EXP336 — COMPLETE / INCONCLUSIVE
337,COMPLETE / POSITIVE,RAW DETAIL IN LOG,yes,no,,# EXP337 — COMPLETE / POSITIVE
338,COMPLETE / INCONCLUSIVE,RAW DETAIL IN LOG,yes,no,,# EXP338 — COMPLETE / INCONCLUSIVE
339,COMPLETE / INCONCLUSIVE,RAW DETAIL IN LOG,yes,no,,# EXP339 — COMPLETE / INCONCLUSIVE
340,COMPLETE / INCONCLUSIVE,RAW DETAIL IN LOG,yes,no,,# EXP340 — COMPLETE / INCONCLUSIVE
343,COMPLETE / POSITIVE,RAW DETAIL IN LOG,yes,no,,# EXP343 — COMPLETE / POSITIVE — semantic 03F4 desired-page write
344,COMPLETE / NEGATIVE,RESULT SUMMARY / NO RAW DETAIL IN CANONICAL BLOCK,no,no,,# EXP344 — COMPLETE / NEGATIVE for persistent DCM-connected indication; POSITIVE transport sub-result
345,COMPLETE / POSITIVE,RAW DETAIL IN LOG,yes,no,,# EXP345 — COMPLETE / POSITIVE — persistent DCM runtime with 0708 W5=0006
346,COMPLETE / POSITIVE,RAW DETAIL + USER CONFIRMATION,yes,yes,,# EXP346 — COMPLETE / POSITIVE — guarded 03F4 write + rollback inside persistent DCM runtime
347,COMPLETE / POSITIVE,RAW DETAIL + USER CONFIRMATION,yes,yes,,# EXP347 — COMPLETE / POSITIVE — retained session semantic write without Thermia reboot
348,COMPLETE / POSITIVE,RESULT SUMMARY / NO RAW DETAIL IN CANONICAL BLOCK,no,no,,# EXP348 — COMPLETE / POSITIVE — HA-selected generic 03F4 target
349,COMPLETE / POSITIVE,RAW DETAIL + USER CONFIRMATION,yes,yes,,# EXP349 — COMPLETE / POSITIVE — reusable guarded room-setpoint writes in one retained session
350,COMPLETE / POSITIVE,USER CONFIRMATION,no,yes,,# EXP350 — COMPLETE / INCONCLUSIVE — automatic retained qualification positive; long-interval write blocked by stale cache
351,COMPLETE / INCONCLUSIVE,RESULT SUMMARY / NO RAW DETAIL IN CANONICAL BLOCK,no,no,,# EXP351 — COMPLETE / INCONCLUSIVE — refresh hypothesis not reached because emulator activation was gated
352,COMPLETE / POSITIVE,RAW DETAIL + USER CONFIRMATION,yes,yes,,# EXP352 — COMPLETE / POSITIVE — runtime-independent fresh-page refresh + reusable room-setpoint writes
353,COMPLETE / POSITIVE,RAW DETAIL + USER CONFIRMATION,yes,yes,,# EXP353 — COMPLETE / POSITIVE — reusable stale-cache refresh follow-up
355,COMPLETE / POSITIVE,RAW DETAIL IN LOG,yes,no,,# EXP355 — COMPLETE / POSITIVE — fresh controller-session recovery from retained runtime
356,COMPLETE / POSITIVE,RAW DETAIL IN LOG,yes,no,,# EXP356 — SUPERSEDED / NOT RUN — post-recovery soak | # EXP356 — PREPARED / NOT RUN — post-recovery runtime soak
357,COMPLETE / POSITIVE,RAW DETAIL + USER CONFIRMATION,yes,yes,,# EXP357 — COMPLETE / POSITIVE — reusable stale-cache refresh + confirmed write
358,COMPLETE / POSITIVE,RAW DETAIL IN LOG,yes,no,,## EXP358 — Write Beta v2.1 production regression — COMPLETE / POSITIVE | # EXP358 — PREPARED / NOT RUN — Write Beta v2.1 production regression
359,COMPLETE / POSITIVE,RAW DETAIL IN LOG,yes,no,,## EXP359 — controller cold-reboot recovery regression — COMPLETE / POSITIVE
360,COMPLETE / INCONCLUSIVE,RESULT SUMMARY / NO RAW DETAIL IN CANONICAL BLOCK,no,no,,## EXP360 — broad 0708 bitmap exploration — COMPLETE / INCONCLUSIVE
361,COMPLETE / NEGATIVE,RESULT SUMMARY / NO RAW DETAIL IN CANONICAL BLOCK,no,no,,## EXP361 — 0708 discriminator follow-up — COMPLETE / NEGATIVE
362,COMPLETE / INCONCLUSIVE,RESULT SUMMARY / NO RAW DETAIL IN CANONICAL BLOCK,no,no,,## EXP362 — bitmap transmission attempt — COMPLETE / INCONCLUSIVE
363,COMPLETE / NEGATIVE,RESULT SUMMARY / NO RAW DETAIL IN CANONICAL BLOCK,no,no,,## EXP363 — 04A6-to-0708 hypothesis — COMPLETE / NEGATIVE
364,COMPLETE / INCONCLUSIVE,RESULT SUMMARY / NO RAW DETAIL IN CANONICAL BLOCK,no,no,,## EXP364 — hot-rejoin discriminator — COMPLETE / INCONCLUSIVE
365,COMPLETE / POSITIVE,RAW DETAIL IN LOG,yes,no,,## EXP365 — first Heating Curve semantic write — COMPLETE / POSITIVE
366,COMPLETE / POSITIVE,RESULT SUMMARY / NO RAW DETAIL IN CANONICAL BLOCK,no,no,,## EXP366 — inverse Heating Curve write — COMPLETE / POSITIVE
367,COMPLETE / POSITIVE,RESULT SUMMARY / NO RAW DETAIL IN CANONICAL BLOCK,no,no,,## EXP367 — larger Heating Curve delta — COMPLETE / POSITIVE
368,COMPLETE / INCONCLUSIVE,RESULT SUMMARY / NO RAW DETAIL IN CANONICAL BLOCK,no,no,,## EXP368 — multi-control verifier test — COMPLETE / INCONCLUSIVE
369,COMPLETE / POSITIVE,RESULT SUMMARY / NO RAW DETAIL IN CANONICAL BLOCK,no,no,,## EXP369 — verifier-latch fix — COMPLETE / POSITIVE
370,COMPLETE / POSITIVE,RESULT SUMMARY / NO RAW DETAIL IN CANONICAL BLOCK,no,no,,## EXP370 — reusable multi-setting semantic write engine — COMPLETE / POSITIVE
371,SUPERSEDED / NOT RUN,NO LIVE RESULT,no,no,,## EXP371 — unrestricted Min/Max follow-up — SUPERSEDED / NOT RUN
372,SUPERSEDED / NOT RUN,NO LIVE RESULT,no,no,,## EXP372 — extended heating sliders design — SUPERSEDED / NOT RUN
373,RUNNING / PARTIAL,PARTIAL RESULT,no,no,,## EXP373 — extended heating settings sliders — RUNNING / PARTIAL
374,COMPLETE / POSITIVE,RAW DETAIL + USER CONFIRMATION,yes,yes,,## EXP374 — queued serialized multi-setting write engine — COMPLETE / POSITIVE | ## EXP374 — queued serialized write safety layer — PREPARED / NOT RUN
375,COMPLETE / POSITIVE,RAW DETAIL + USER CONFIRMATION,yes,yes,,## EXP375B — Room Factor 03F0 — COMPLETE / POSITIVE | ## EXP375A — Heating Minimum 03E9 — COMPLETE / POSITIVE
376,RUNNING / PARTIAL,PARTIAL RESULT,no,no,,## EXP376 — broader native-page mapper — RUNNING / PARTIAL
377,COMPLETE / POSITIVE,RESULT SUMMARY / NO RAW DETAIL IN CANONICAL BLOCK,no,no,,## EXP377 — first semantic write on 042E/count15 — COMPLETE / POSITIVE
378,COMPLETE / POSITIVE,RAW DETAIL IN LOG,yes,no,,## EXP378 — 042E current refresh + unified desired queue/UI — COMPLETE / POSITIVE
379,COMPLETE / POSITIVE,RAW DETAIL IN LOG,yes,no,,## EXP379 — persistent cooling controls — COMPLETE / POSITIVE
380,COMPLETE / POSITIVE,RAW DETAIL IN LOG,yes,no,,# EXP380 — persistent Operation Mode on 0546/count20 — COMPLETE / POSITIVE | ## EXP380 — Operation Mode 0553 on 0546/count20 — PREPARED / NOT RUN
381,COMPLETE / POSITIVE,RESULT SUMMARY / NO RAW DETAIL IN CANONICAL BLOCK,no,no,,# EXP381B — production/UI consolidation — COMPLETE / POSITIVE | # EXP381A — initial UI/read-only consolidation — SUPERSEDED / NOT RUN
382,COMPLETE / POSITIVE,RESULT SUMMARY / NO RAW DETAIL IN CANONICAL BLOCK,no,no,Research/EXP382_OFFLINE_GAP_ANALYSIS.md | Research/temp/reports/EXP382_OFFLINE_GAP_ANALYSIS.md,# EXP382 — offline controlled-page gap analysis — COMPLETE / POSITIVE
383,COMPLETE / POSITIVE,RESULT SUMMARY / NO RAW DETAIL IN CANONICAL BLOCK,no,no,,# EXP383 — STRONGLY SUPPORTED candidate controls — PREPARED / NOT RUN
386,COMPLETE / POSITIVE,RAW DETAIL IN LOG,yes,no,,## EXP386 — Native DCM session activation/recovery from unqualified stage40
387,COMPLETE / POSITIVE,RESULT SUMMARY / NO RAW DETAIL IN CANONICAL BLOCK,no,no,,### EXP387 — delayed `0708` semantic re-arm — COMPLETE / POSITIVE
388,RUNNING / PARTIAL,PARTIAL + RAW DETAIL,yes,no,,### EXP388 — repeated controller-restart recovery hardening — RUNNING / PARTIAL
