bootstrap_order,page_start_hex,count,present_in_successful_bootstraps,selected_by_Eco5_FFFF_867F_refresh,eco5_fc16_request_count,classification,notes
0,0x03E8,14,6/6,YES,216,BOOTSTRAP + MAILBOX-REFRESHABLE,
1,0x03FC,11,6/6,YES,14,BOOTSTRAP + MAILBOX-REFRESHABLE,
2,0x0410,22,6/6,YES,14,BOOTSTRAP + MAILBOX-REFRESHABLE,
3,0x042E,15,6/6,YES,16,BOOTSTRAP + MAILBOX-REFRESHABLE,
4,0x0442,13,6/6,YES,13,BOOTSTRAP + MAILBOX-REFRESHABLE,
5,0x0456,12,6/6,YES,14,BOOTSTRAP + MAILBOX-REFRESHABLE,
6,0x046A,18,6/6,YES,14,BOOTSTRAP + MAILBOX-REFRESHABLE,
7,0x047E,19,6/6,NO,6,BOOTSTRAP-ONLY IN CURRENT ECO5 CORPUS,Observed in all 6 successful bootstrap exports; omitted by later FFFF/867F mailbox refresh. 04D8 has one extra retransmission.
8,0x0492,11,6/6,NO,6,BOOTSTRAP-ONLY IN CURRENT ECO5 CORPUS,Observed in all 6 successful bootstrap exports; omitted by later FFFF/867F mailbox refresh. 04D8 has one extra retransmission.
9,0x04A6,13,6/6,YES,583,BOOTSTRAP + MAILBOX-REFRESHABLE,Also high-frequency recurrent overlay; mostly unACKed outside synchronization.
10,0x04BA,22,6/6,YES,41,BOOTSTRAP + MAILBOX-REFRESHABLE,Also appears outside strict bootstrap/refresh; hybrid/recurrent behavior remains context-dependent.
11,0x04D8,27,6/6,NO,7,BOOTSTRAP-ONLY IN CURRENT ECO5 CORPUS,Observed in all 6 successful bootstrap exports; omitted by later FFFF/867F mailbox refresh. 04D8 has one extra retransmission.
12,0x04F6,14,6/6,NO,6,BOOTSTRAP-ONLY IN CURRENT ECO5 CORPUS,Observed in all 6 successful bootstrap exports; omitted by later FFFF/867F mailbox refresh. 04D8 has one extra retransmission.
13,0x050A,19,6/6,NO,6,BOOTSTRAP-ONLY IN CURRENT ECO5 CORPUS,Observed in all 6 successful bootstrap exports; omitted by later FFFF/867F mailbox refresh. 04D8 has one extra retransmission.
14,0x051E,10,6/6,NO,6,BOOTSTRAP-ONLY IN CURRENT ECO5 CORPUS,Observed in all 6 successful bootstrap exports; omitted by later FFFF/867F mailbox refresh. 04D8 has one extra retransmission.
15,0x0532,18,6/6,YES,18,BOOTSTRAP + MAILBOX-REFRESHABLE,
16,0x0546,20,6/6,YES,14,BOOTSTRAP + MAILBOX-REFRESHABLE,
17,0x055A,33,6/6,YES,17,BOOTSTRAP + MAILBOX-REFRESHABLE,
18,0x057B,33,6/6,YES,14,BOOTSTRAP + MAILBOX-REFRESHABLE,
19,0x059C,33,6/6,YES,15,BOOTSTRAP + MAILBOX-REFRESHABLE,
20,0x05BD,33,6/6,YES,14,BOOTSTRAP + MAILBOX-REFRESHABLE,
21,0x05DE,33,6/6,YES,14,BOOTSTRAP + MAILBOX-REFRESHABLE,
22,0x05FF,33,6/6,YES,14,BOOTSTRAP + MAILBOX-REFRESHABLE,
23,0x0620,33,6/6,YES,18,BOOTSTRAP + MAILBOX-REFRESHABLE,
24,0x0641,33,6/6,YES,24,BOOTSTRAP + MAILBOX-REFRESHABLE,
25,0x0662,33,6/6,YES,20,BOOTSTRAP + MAILBOX-REFRESHABLE,
26,0x0683,33,6/6,YES,25,BOOTSTRAP + MAILBOX-REFRESHABLE,
27,0x06A4,33,6/6,YES,18,BOOTSTRAP + MAILBOX-REFRESHABLE,
28,0x06C5,33,6/6,YES,21,BOOTSTRAP + MAILBOX-REFRESHABLE,
29,0x06EA,7,6/6,YES,19,BOOTSTRAP + MAILBOX-REFRESHABLE,
30,0x06F1,3,6/6,YES,29,BOOTSTRAP + MAILBOX-REFRESHABLE,
31,0x06F4,19,6/6,YES,25,BOOTSTRAP + MAILBOX-REFRESHABLE,